#include "ui_assets.h"

// Background base image (160x80 pixels)
// Dark blue gradient background
const uint16_t ui_background_base[UI_DISPLAY_WIDTH * UI_DISPLAY_HEIGHT] = {
    0x0002, 0x0002, 0x0002, 0x0002, 0x0002, 0x0002, 0x0002, 0x0002, 0x0002, 0x0002, 0x0002, 0x0002, 0x0002, 0x0002, 0x0002, 0x0002,
    0x0002, 0x0002, 0x0002, 0x0002, 0x0002, 0x0002, 0x0002, 0x0002, 0x0002, 0x0002, 0x0002, 0x0002, 0x0002, 0x0002, 0x0002, 0x0002,
    0x0002, 0x0002, 0x0002, 0x0002, 0x0002, 0x0002, 0x0002, 0x0002, 0x0002, 0x0002, 0x0002, 0x0002, 0x0002, 0x0002, 0x0002, 0x0002,
    0x0002, 0x0002, 0x0002, 0x0002, 0x0002, 0x0002, 0x0002, 0x0002, 0x0002, 0x0002, 0x0002, 0x0002, 0x0002, 0x0002, 0x0002, 0x0002,
    0x0002, 0x0002, 0x0002, 0x0002, 0x0002, 0x0002, 0x0002, 0x0002, 0x0002, 0x0002, 0x0002, 0x0002, 0x0002, 0x0002, 0x0002, 0x0002,
    0x0002, 0x0002, 0x0002, 0x0002, 0x0002, 0x0002, 0x0002, 0x0002, 0x0002, 0x0002, 0x0002, 0x0002, 0x0002, 0x0002, 0x0002, 0x0002,
    0x0002, 0x0002, 0x0002, 0x0002, 0x0002, 0x0002, 0x0002, 0x0002, 0x0002, 0x0002, 0x0002, 0x0002, 0x0002, 0x0002, 0x0002, 0x0002,
    0x0002, 0x0002, 0x0002, 0x0002, 0x0002, 0x0002, 0x0002, 0x0002, 0x0002, 0x0002, 0x0002, 0x0002, 0x0002, 0x0002, 0x0002, 0x0002,
    0x0002, 0x0002, 0x0002, 0x0002, 0x0002, 0x0002, 0x0002, 0x0002, 0x0002, 0x0002, 0x0002, 0x0002, 0x0002, 0x0002, 0x0002, 0x0002,
    0x0002, 0x0002, 0x0002, 0x0002, 0x0002, 0x0002, 0x0002, 0x0002, 0x0002, 0x0002, 0x0002, 0x0002, 0x0002, 0x0002, 0x0002, 0x0002,
    0x0002, 0x0002, 0x0002, 0x0002, 0x0002, 0x0002, 0x0002, 0x0002, 0x0002, 0x0002, 0x0002, 0x0002, 0x0002, 0x0002, 0x0002, 0x0002,
    0x0002, 0x0002, 0x0002, 0x0002, 0x0002, 0x0002, 0x0002, 0x0002, 0x0002, 0x0002, 0x0002, 0x0002, 0x0002, 0x0002, 0x0002, 0x0002,
    0x0002, 0x0002, 0x0002, 0x0002, 0x0002, 0x0002, 0x0002, 0x0002, 0x0002, 0x0002, 0x0002, 0x0002, 0x0002, 0x0002, 0x0002, 0x0002,
    0x0002, 0x0002, 0x0002, 0x0002, 0x0002, 0x0002, 0x0002, 0x0002, 0x0002, 0x0002, 0x0002, 0x0002, 0x0002, 0x0002, 0x0002, 0x0002,
    0x0002, 0x0002, 0x0002, 0x0002, 0x0002, 0x0002, 0x0002, 0x0002, 0x0002, 0x0002, 0x0002, 0x0002, 0x0002, 0x0002, 0x0002, 0x0002,
    0x0002, 0x0002, 0x0002, 0x0002, 0x0002, 0x0002, 0x0002, 0x0002, 0x0002, 0x0002, 0x0002, 0x0002, 0x0002, 0x0002, 0x0002, 0x0002,
    0x0002, 0x0002, 0x0002, 0x0002, 0x0002, 0x0002, 0x0002, 0x0002, 0x0002, 0x0002, 0x0002, 0x0002, 0x0002, 0x0002, 0x0002, 0x0002,
    0x0002, 0x0002, 0x0002, 0x0002, 0x0002, 0x0002, 0x0002, 0x0002, 0x0002, 0x0002, 0x0002, 0x0002, 0x0002, 0x0002, 0x0002, 0x0002,
    0x0002, 0x0002, 0x0002, 0x0002, 0x0002, 0x0002, 0x0002, 0x0002, 0x0002, 0x0002, 0x0002, 0x0002, 0x0002, 0x0002, 0x0002, 0x0002,
    0x0002, 0x0002, 0x0002, 0x0002, 0x0002, 0x0002, 0x0002, 0x0002, 0x0002, 0x0002, 0x0002, 0x0002, 0x0002, 0x0002, 0x0002, 0x0002,
    0x0003, 0x0003, 0x0003, 0x0003, 0x0003, 0x0003, 0x0003, 0x0003, 0x0003, 0x0003, 0x0003, 0x0003, 0x0003, 0x0003, 0x0003, 0x0003,
    0x0003, 0x0003, 0x0003, 0x0003, 0x0003, 0x0003, 0x0003, 0x0003, 0x0003, 0x0003, 0x0003, 0x0003, 0x0003, 0x0003, 0x0003, 0x0003,
    0x0003, 0x0003, 0x0003, 0x0003, 0x0003, 0x0003, 0x0003, 0x0003, 0x0003, 0x0003, 0x0003, 0x0003, 0x0003, 0x0003, 0x0003, 0x0003,
    0x0003, 0x0003, 0x0003, 0x0003, 0x0003, 0x0003, 0x0003, 0x0003, 0x0003, 0x0003, 0x0003, 0x0003, 0x0003, 0x0003, 0x0003, 0x0003,
    0x0003, 0x0003, 0x0003, 0x0003, 0x0003, 0x0003, 0x0003, 0x0003, 0x0003, 0x0003, 0x0003, 0x0003, 0x0003, 0x0003, 0x0003, 0x0003,
    0x0003, 0x0003, 0x0003, 0x0003, 0x0003, 0x0003, 0x0003, 0x0003, 0x0003, 0x0003, 0x0003, 0x0003, 0x0003, 0x0003, 0x0003, 0x0003,
    0x0003, 0x0003, 0x0003, 0x0003, 0x0003, 0x0003, 0x0003, 0x0003, 0x0003, 0x0003, 0x0003, 0x0003, 0x0003, 0x0003, 0x0003, 0x0003,
    0x0003, 0x0003, 0x0003, 0x0003, 0x0003, 0x0003, 0x0003, 0x0003, 0x0003, 0x0003, 0x0003, 0x0003, 0x0003, 0x0003, 0x0003, 0x0003,
    0x0003, 0x0003, 0x0003, 0x0003, 0x0003, 0x0003, 0x0003, 0x0003, 0x0003, 0x0003, 0x0003, 0x0003, 0x0003, 0x0003, 0x0003, 0x0003,
    0x0003, 0x0003, 0x0003, 0x0003, 0x0003, 0x0003, 0x0003, 0x0003, 0x0003, 0x0003, 0x0003, 0x0003, 0x0003, 0x0003, 0x0003, 0x0003,
    0x0003, 0x0003, 0x0003, 0x0003, 0x0003, 0x0003, 0x0003, 0x0003, 0x0003, 0x0003, 0x0003, 0x0003, 0x0003, 0x0003, 0x0003, 0x0003,
    0x0003, 0x0003, 0x0003, 0x0003, 0x0003, 0x0003, 0x0003, 0x0003, 0x0003, 0x0003, 0x0003, 0x0003, 0x0003, 0x0003, 0x0003, 0x0003,
    0x0003, 0x0003, 0x0003, 0x0003, 0x0003, 0x0003, 0x0003, 0x0003, 0x0003, 0x0003, 0x0003, 0x0003, 0x0003, 0x0003, 0x0003, 0x0003,
    0x0003, 0x0003, 0x0003, 0x0003, 0x0003, 0x0003, 0x0003, 0x0003, 0x0003, 0x0003, 0x0003, 0x0003, 0x0003, 0x0003, 0x0003, 0x0003,
    0x0003, 0x0003, 0x0003, 0x0003, 0x0003, 0x0003, 0x0003, 0x0003, 0x0003, 0x0003, 0x0003, 0x0003, 0x0003, 0x0003, 0x0003, 0x0003,
    0x0003, 0x0003, 0x0003, 0x0003, 0x0003, 0x0003, 0x0003, 0x0003, 0x0003, 0x0003, 0x0003, 0x0003, 0x0003, 0x0003, 0x0003, 0x0003,
    0x0003, 0x0003, 0x0003, 0x0003, 0x0003, 0x0003, 0x0003, 0x0003, 0x0003, 0x0003, 0x0003, 0x0003, 0x0003, 0x0003, 0x0003, 0x0003,
    0x0003, 0x0003, 0x0003, 0x0003, 0x0003, 0x0003, 0x0003, 0x0003, 0x0003, 0x0003, 0x0003, 0x0003, 0x0003, 0x0003, 0x0003, 0x0003,
    0x0003, 0x0003, 0x0003, 0x0003, 0x0003, 0x0003, 0x0003, 0x0003, 0x0003, 0x0003, 0x0003, 0x0003, 0x0003, 0x0003, 0x0003, 0x0003,
    0x0003, 0x0003, 0x0003, 0x0003, 0x0003, 0x0003, 0x0003, 0x0003, 0x0003, 0x0003, 0x0003, 0x0003, 0x0003, 0x0003, 0x0003, 0x0003,
    0x0003, 0x0003, 0x0003, 0x0003, 0x0003, 0x0003, 0x0003, 0x0003, 0x0003, 0x0003, 0x0003, 0x0003, 0x0003, 0x0003, 0x0003, 0x0003,
    0x0003, 0x0003, 0x0003, 0x0003, 0x0003, 0x0003, 0x0003, 0x0003, 0x0003, 0x0003, 0x0003, 0x0003, 0x0003, 0x0003, 0x0003, 0x0003,
    0x0003, 0x0003, 0x0003, 0x0003, 0x0003, 0x0003, 0x0003, 0x0003, 0x0003, 0x0003, 0x0003, 0x0003, 0x0003, 0x0003, 0x0003, 0x0003,
    0x0003, 0x0003, 0x0003, 0x0003, 0x0003, 0x0003, 0x0003, 0x0003, 0x0003, 0x0003, 0x0003, 0x0003, 0x0003, 0x0003, 0x0003, 0x0003,
    0x0003, 0x0003, 0x0003, 0x0003, 0x0003, 0x0003, 0x0003, 0x0003, 0x0003, 0x0003, 0x0003, 0x0003, 0x0003, 0x0003, 0x0003, 0x0003,
    0x0003, 0x0003, 0x0003, 0x0003, 0x0003, 0x0003, 0x0003, 0x0003, 0x0003, 0x0003, 0x0003, 0x0003, 0x0003, 0x0003, 0x0003, 0x0003,
    0x0003, 0x0003, 0x0003, 0x0003, 0x0003, 0x0003, 0x0003, 0x0003, 0x0003, 0x0003, 0x0003, 0x0003, 0x0003, 0x0003, 0x0003, 0x0003,
    0x0003, 0x0003, 0x0003, 0x0003, 0x0003, 0x0003, 0x0003, 0x0003, 0x0003, 0x0003, 0x0003, 0x0003, 0x0003, 0x0003, 0x0003, 0x0003,
    0x0003, 0x0003, 0x0003, 0x0003, 0x0003, 0x0003, 0x0003, 0x0003, 0x0003, 0x0003, 0x0003, 0x0003, 0x0003, 0x0003, 0x0003, 0x0003,
    0x0003, 0x0003, 0x0003, 0x0003, 0x0003, 0x0003, 0x0003, 0x0003, 0x0003, 0x0003, 0x0003, 0x0003, 0x0003, 0x0003, 0x0003, 0x0003,
    0x0003, 0x0003, 0x0003, 0x0003, 0x0003, 0x0003, 0x0003, 0x0003, 0x0003, 0x0003, 0x0003, 0x0003, 0x0003, 0x0003, 0x0003, 0x0003,
    0x0003, 0x0003, 0x0003, 0x0003, 0x0003, 0x0003, 0x0003, 0x0003, 0x0003, 0x0003, 0x0003, 0x0003, 0x0003, 0x0003, 0x0003, 0x0003,
    0x0003, 0x0003, 0x0003, 0x0003, 0x0003, 0x0003, 0x0003, 0x0003, 0x0003, 0x0003, 0x0003, 0x0003, 0x0003, 0x0003, 0x0003, 0x0003,
    0x0003, 0x0003, 0x0003, 0x0003, 0x0003, 0x0003, 0x0003, 0x0003, 0x0003, 0x0003, 0x0003, 0x0003, 0x0003, 0x0003, 0x0003, 0x0003,
    0x0003, 0x0003, 0x0003, 0x0003, 0x0003, 0x0003, 0x0003, 0x0003, 0x0003, 0x0003, 0x0003, 0x0003, 0x0003, 0x0003, 0x0003, 0x0003,
    0x0003, 0x0003, 0x0003, 0x0003, 0x0003, 0x0003, 0x0003, 0x0003, 0x0003, 0x0003, 0x0003, 0x0003, 0x0003, 0x0003, 0x0003, 0x0003,
    0x0003, 0x0003, 0x0003, 0x0003, 0x0003, 0x0003, 0x0003, 0x0003, 0x0003, 0x0003, 0x0003, 0x0003, 0x0003, 0x0003, 0x0003, 0x0003,
    0x0003, 0x0003, 0x0003, 0x0003, 0x0003, 0x0003, 0x0003, 0x0003, 0x0003, 0x0003, 0x0003, 0x0003, 0x0003, 0x0003, 0x0003, 0x0003,
    0x0003, 0x0003, 0x0003, 0x0003, 0x0003, 0x0003, 0x0003, 0x0003, 0x0003, 0x0003, 0x0003, 0x0003, 0x0003, 0x0003, 0x0003, 0x0003,
    0x0003, 0x0003, 0x0003, 0x0003, 0x0003, 0x0003, 0x0003, 0x0003, 0x0003, 0x0003, 0x0003, 0x0003, 0x0003, 0x0003, 0x0003, 0x0003,
    0x0004, 0x0004, 0x0004, 0x0004, 0x0004, 0x0004, 0x0004, 0x0004, 0x0004, 0x0004, 0x0004, 0x0004, 0x0004, 0x0004, 0x0004, 0x0004,
    0x0004, 0x0004, 0x0004, 0x0004, 0x0004, 0x0004, 0x0004, 0x0004, 0x0004, 0x0004, 0x0004, 0x0004, 0x0004, 0x0004, 0x0004, 0x0004,
    0x0004, 0x0004, 0x0004, 0x0004, 0x0004, 0x0004, 0x0004, 0x0004, 0x0004, 0x0004, 0x0004, 0x0004, 0x0004, 0x0004, 0x0004, 0x0004,
    0x0004, 0x0004, 0x0004, 0x0004, 0x0004, 0x0004, 0x0004, 0x0004, 0x0004, 0x0004, 0x0004, 0x0004, 0x0004, 0x0004, 0x0004, 0x0004,
    0x0004, 0x0004, 0x0004, 0x0004, 0x0004, 0x0004, 0x0004, 0x0004, 0x0004, 0x0004, 0x0004, 0x0004, 0x0004, 0x0004, 0x0004, 0x0004,
    0x0004, 0x0004, 0x0004, 0x0004, 0x0004, 0x0004, 0x0004, 0x0004, 0x0004, 0x0004, 0x0004, 0x0004, 0x0004, 0x0004, 0x0004, 0x0004,
    0x0004, 0x0004, 0x0004, 0x0004, 0x0004, 0x0004, 0x0004, 0x0004, 0x0004, 0x0004, 0x0004, 0x0004, 0x0004, 0x0004, 0x0004, 0x0004,
    0x0004, 0x0004, 0x0004, 0x0004, 0x0004, 0x0004, 0x0004, 0x0004, 0x0004, 0x0004, 0x0004, 0x0004, 0x0004, 0x0004, 0x0004, 0x0004,
    0x0004, 0x0004, 0x0004, 0x0004, 0x0004, 0x0004, 0x0004, 0x0004, 0x0004, 0x0004, 0x0004, 0x0004, 0x0004, 0x0004, 0x0004, 0x0004,
    0x0004, 0x0004, 0x0004, 0x0004, 0x0004, 0x0004, 0x0004, 0x0004, 0x0004, 0x0004, 0x0004, 0x0004, 0x0004, 0x0004, 0x0004, 0x0004,
    0x0004, 0x0004, 0x0004, 0x0004, 0x0004, 0x0004, 0x0004, 0x0004, 0x0004, 0x0004, 0x0004, 0x0004, 0x0004, 0x0004, 0x0004, 0x0004,
    0x0004, 0x0004, 0x0004, 0x0004, 0x0004, 0x0004, 0x0004, 0x0004, 0x0004, 0x0004, 0x0004, 0x0004, 0x0004, 0x0004, 0x0004, 0x0004,
    0x0004, 0x0004, 0x0004, 0x0004, 0x0004, 0x0004, 0x0004, 0x0004, 0x0004, 0x0004, 0x0004, 0x0004, 0x0004, 0x0004, 0x0004, 0x0004,
    0x0004, 0x0004, 0x0004, 0x0004, 0x0004, 0x0004, 0x0004, 0x0004, 0x0004, 0x0004, 0x0004, 0x0004, 0x0004, 0x0004, 0x0004, 0x0004,
    0x0004, 0x0004, 0x0004, 0x0004, 0x0004, 0x0004, 0x0004, 0x0004, 0x0004, 0x0004, 0x0004, 0x0004, 0x0004, 0x0004, 0x0004, 0x0004,
    0x0004, 0x0004, 0x0004, 0x0004, 0x0004, 0x0004, 0x0004, 0x0004, 0x0004, 0x0004, 0x0004, 0x0004, 0x0004, 0x0004, 0x0004, 0x0004,
    0x0004, 0x0004, 0x0004, 0x0004, 0x0004, 0x0004, 0x0004, 0x0004, 0x0004, 0x0004, 0x0004, 0x0004, 0x0004, 0x0004, 0x0004, 0x0004,
    0x0004, 0x0004, 0x0004, 0x0004, 0x0004, 0x0004, 0x0004, 0x0004, 0x0004, 0x0004, 0x0004, 0x0004, 0x0004, 0x0004, 0x0004, 0x0004,
    0x0004, 0x0004, 0x0004, 0x0004, 0x0004, 0x0004, 0x0004, 0x0004, 0x0004, 0x0004, 0x0004, 0x0004, 0x0004, 0x0004, 0x0004, 0x0004,
    0x0004, 0x0004, 0x0004, 0x0004, 0x0004, 0x0004, 0x0004, 0x0004, 0x0004, 0x0004, 0x0004, 0x0004, 0x0004, 0x0004, 0x0004, 0x0004,
    0x0004, 0x0004, 0x0004, 0x0004, 0x0004, 0x0004, 0x0004, 0x0004, 0x0004, 0x0004, 0x0004, 0x0004, 0x0004, 0x0004, 0x0004, 0x0004,
    0x0004, 0x0004, 0x0004, 0x0004, 0x0004, 0x0004, 0x0004, 0x0004, 0x0004, 0x0004, 0x0004, 0x0004, 0x0004, 0x0004, 0x0004, 0x0004,
    0x0004, 0x0004, 0x0004, 0x0004, 0x0004, 0x0004, 0x0004, 0x0004, 0x0004, 0x0004, 0x0004, 0x0004, 0x0004, 0x0004, 0x0004, 0x0004,
    0x0004, 0x0004, 0x0004, 0x0004, 0x0004, 0x0004, 0x0004, 0x0004, 0x0004, 0x0004, 0x0004, 0x0004, 0x0004, 0x0004, 0x0004, 0x0004,
    0x0004, 0x0004, 0x0004, 0x0004, 0x0004, 0x0004, 0x0004, 0x0004, 0x0004, 0x0004, 0x0004, 0x0004, 0x0004, 0x0004, 0x0004, 0x0004,
    0x0004, 0x0004, 0x0004, 0x0004, 0x0004, 0x0004, 0x0004, 0x0004, 0x0004, 0x0004, 0x0004, 0x0004, 0x0004, 0x0004, 0x0004, 0x0004,
    0x0004, 0x0004, 0x0004, 0x0004, 0x0004, 0x0004, 0x0004, 0x0004, 0x0004, 0x0004, 0x0004, 0x0004, 0x0004, 0x0004, 0x0004, 0x0004,
    0x0004, 0x0004, 0x0004, 0x0004, 0x0004, 0x0004, 0x0004, 0x0004, 0x0004, 0x0004, 0x0004, 0x0004, 0x0004, 0x0004, 0x0004, 0x0004,
    0x0004, 0x0004, 0x0004, 0x0004, 0x0004, 0x0004, 0x0004, 0x0004, 0x0004, 0x0004, 0x0004, 0x0004, 0x0004, 0x0004, 0x0004, 0x0004,
    0x0004, 0x0004, 0x0004, 0x0004, 0x0004, 0x0004, 0x0004, 0x0004, 0x0004, 0x0004, 0x0004, 0x0004, 0x0004, 0x0004, 0x0004, 0x0004,
    0x0004, 0x0004, 0x0004, 0x0004, 0x0004, 0x0004, 0x0004, 0x0004, 0x0004, 0x0004, 0x0004, 0x0004, 0x0004, 0x0004, 0x0004, 0x0004,
    0x0004, 0x0004, 0x0004, 0x0004, 0x0004, 0x0004, 0x0004, 0x0004, 0x0004, 0x0004, 0x0004, 0x0004, 0x0004, 0x0004, 0x0004, 0x0004,
    0x0004, 0x0004, 0x0004, 0x0004, 0x0004, 0x0004, 0x0004, 0x0004, 0x0004, 0x0004, 0x0004, 0x0004, 0x0004, 0x0004, 0x0004, 0x0004,
    0x0004, 0x0004, 0x0004, 0x0004, 0x0004, 0x0004, 0x0004, 0x0004, 0x0004, 0x0004, 0x0004, 0x0004, 0x0004, 0x0004, 0x0004, 0x0004,
    0x0004, 0x0004, 0x0004, 0x0004, 0x0004, 0x0004, 0x0004, 0x0004, 0x0004, 0x0004, 0x0004, 0x0004, 0x0004, 0x0004, 0x0004, 0x0004,
    0x0004, 0x0004, 0x0004, 0x0004, 0x0004, 0x0004, 0x0004, 0x0004, 0x0004, 0x0004, 0x0004, 0x0004, 0x0004, 0x0004, 0x0004, 0x0004,
    0x0004, 0x0004, 0x0004, 0x0004, 0x0004, 0x0004, 0x0004, 0x0004, 0x0004, 0x0004, 0x0004, 0x0004, 0x0004, 0x0004, 0x0004, 0x0004,
    0x0004, 0x0004, 0x0004, 0x0004, 0x0004, 0x0004, 0x0004, 0x0004, 0x0004, 0x0004, 0x0004, 0x0004, 0x0004, 0x0004, 0x0004, 0x0004,
    0x0004, 0x0004, 0x0004, 0x0004, 0x0004, 0x0004, 0x0004, 0x0004, 0x0004, 0x0004, 0x0004, 0x0004, 0x0004, 0x0004, 0x0004, 0x0004,
    0x0004, 0x0004, 0x0004, 0x0004, 0x0004, 0x0004, 0x0004, 0x0004, 0x0004, 0x0004, 0x0004, 0x0004, 0x0004, 0x0004, 0x0004, 0x0004,
    0x0005, 0x0005, 0x0005, 0x0005, 0x0005, 0x0005, 0x0005, 0x0005, 0x0005, 0x0005, 0x0005, 0x0005, 0x0005, 0x0005, 0x0005, 0x0005,
    0x0005, 0x0005, 0x0005, 0x0005, 0x0005, 0x0005, 0x0005, 0x0005, 0x0005, 0x0005, 0x0005, 0x0005, 0x0005, 0x0005, 0x0005, 0x0005,
    0x0005, 0x0005, 0x0005, 0x0005, 0x0005, 0x0005, 0x0005, 0x0005, 0x0005, 0x0005, 0x0005, 0x0005, 0x0005, 0x0005, 0x0005, 0x0005,
    0x0005, 0x0005, 0x0005, 0x0005, 0x0005, 0x0005, 0x0005, 0x0005, 0x0005, 0x0005, 0x0005, 0x0005, 0x0005, 0x0005, 0x0005, 0x0005,
    0x0005, 0x0005, 0x0005, 0x0005, 0x0005, 0x0005, 0x0005, 0x0005, 0x0005, 0x0005, 0x0005, 0x0005, 0x0005, 0x0005, 0x0005, 0x0005,
    0x0005, 0x0005, 0x0005, 0x0005, 0x0005, 0x0005, 0x0005, 0x0005, 0x0005, 0x0005, 0x0005, 0x0005, 0x0005, 0x0005, 0x0005, 0x0005,
    0x0005, 0x0005, 0x0005, 0x0005, 0x0005, 0x0005, 0x0005, 0x0005, 0x0005, 0x0005, 0x0005, 0x0005, 0x0005, 0x0005, 0x0005, 0x0005,
    0x0005, 0x0005, 0x0005, 0x0005, 0x0005, 0x0005, 0x0005, 0x0005, 0x0005, 0x0005, 0x0005, 0x0005, 0x0005, 0x0005, 0x0005, 0x0005,
    0x0005, 0x0005, 0x0005, 0x0005, 0x0005, 0x0005, 0x0005, 0x0005, 0x0005, 0x0005, 0x0005, 0x0005, 0x0005, 0x0005, 0x0005, 0x0005,
    0x0005, 0x0005, 0x0005, 0x0005, 0x0005, 0x0005, 0x0005, 0x0005, 0x0005, 0x0005, 0x0005, 0x0005, 0x0005, 0x0005, 0x0005, 0x0005,
    0x0005, 0x0005, 0x0005, 0x0005, 0x0005, 0x0005, 0x0005, 0x0005, 0x0005, 0x0005, 0x0005, 0x0005, 0x0005, 0x0005, 0x0005, 0x0005,
    0x0005, 0x0005, 0x0005, 0x0005, 0x0005, 0x0005, 0x0005, 0x0005, 0x0005, 0x0005, 0x0005, 0x0005, 0x0005, 0x0005, 0x0005, 0x0005,
    0x0005, 0x0005, 0x0005, 0x0005, 0x0005, 0x0005, 0x0005, 0x0005, 0x0005, 0x0005, 0x0005, 0x0005, 0x0005, 0x0005, 0x0005, 0x0005,
    0x0005, 0x0005, 0x0005, 0x0005, 0x0005, 0x0005, 0x0005, 0x0005, 0x0005, 0x0005, 0x0005, 0x0005, 0x0005, 0x0005, 0x0005, 0x0005,
    0x0005, 0x0005, 0x0005, 0x0005, 0x0005, 0x0005, 0x0005, 0x0005, 0x0005, 0x0005, 0x0005, 0x0005, 0x0005, 0x0005, 0x0005, 0x0005,
    0x0005, 0x0005, 0x0005, 0x0005, 0x0005, 0x0005, 0x0005, 0x0005, 0x0005, 0x0005, 0x0005, 0x0005, 0x0005, 0x0005, 0x0005, 0x0005,
    0x0005, 0x0005, 0x0005, 0x0005, 0x0005, 0x0005, 0x0005, 0x0005, 0x0005, 0x0005, 0x0005, 0x0005, 0x0005, 0x0005, 0x0005, 0x0005,
    0x0005, 0x0005, 0x0005, 0x0005, 0x0005, 0x0005, 0x0005, 0x0005, 0x0005, 0x0005, 0x0005, 0x0005, 0x0005, 0x0005, 0x0005, 0x0005,
    0x0005, 0x0005, 0x0005, 0x0005, 0x0005, 0x0005, 0x0005, 0x0005, 0x0005, 0x0005, 0x0005, 0x0005, 0x0005, 0x0005, 0x0005, 0x0005,
    0x0005, 0x0005, 0x0005, 0x0005, 0x0005, 0x0005, 0x0005, 0x0005, 0x0005, 0x0005, 0x0005, 0x0005, 0x0005, 0x0005, 0x0005, 0x0005,
    0x0005, 0x0005, 0x0005, 0x0005, 0x0005, 0x0005, 0x0005, 0x0005, 0x0005, 0x0005, 0x0005, 0x0005, 0x0005, 0x0005, 0x0005, 0x0005,
    0x0005, 0x0005, 0x0005, 0x0005, 0x0005, 0x0005, 0x0005, 0x0005, 0x0005, 0x0005, 0x0005, 0x0005, 0x0005, 0x0005, 0x0005, 0x0005,
    0x0005, 0x0005, 0x0005, 0x0005, 0x0005, 0x0005, 0x0005, 0x0005, 0x0005, 0x0005, 0x0005, 0x0005, 0x0005, 0x0005, 0x0005, 0x0005,
    0x0005, 0x0005, 0x0005, 0x0005, 0x0005, 0x0005, 0x0005, 0x0005, 0x0005, 0x0005, 0x0005, 0x0005, 0x0005, 0x0005, 0x0005, 0x0005,
    0x0005, 0x0005, 0x0005, 0x0005, 0x0005, 0x0005, 0x0005, 0x0005, 0x0005, 0x0005, 0x0005, 0x0005, 0x0005, 0x0005, 0x0005, 0x0005,
    0x0005, 0x0005, 0x0005, 0x0005, 0x0005, 0x0005, 0x0005, 0x0005, 0x0005, 0x0005, 0x0005, 0x0005, 0x0005, 0x0005, 0x0005, 0x0005,
    0x0005, 0x0005, 0x0005, 0x0005, 0x0005, 0x0005, 0x0005, 0x0005, 0x0005, 0x0005, 0x0005, 0x0005, 0x0005, 0x0005, 0x0005, 0x0005,
    0x0005, 0x0005, 0x0005, 0x0005, 0x0005, 0x0005, 0x0005, 0x0005, 0x0005, 0x0005, 0x0005, 0x0005, 0x0005, 0x0005, 0x0005, 0x0005,
    0x0005, 0x0005, 0x0005, 0x0005, 0x0005, 0x0005, 0x0005, 0x0005, 0x0005, 0x0005, 0x0005, 0x0005, 0x0005, 0x0005, 0x0005, 0x0005,
    0x0005, 0x0005, 0x0005, 0x0005, 0x0005, 0x0005, 0x0005, 0x0005, 0x0005, 0x0005, 0x0005, 0x0005, 0x0005, 0x0005, 0x0005, 0x0005,
    0x0005, 0x0005, 0x0005, 0x0005, 0x0005, 0x0005, 0x0005, 0x0005, 0x0005, 0x0005, 0x0005, 0x0005, 0x0005, 0x0005, 0x0005, 0x0005,
    0x0005, 0x0005, 0x0005, 0x0005, 0x0005, 0x0005, 0x0005, 0x0005, 0x0005, 0x0005, 0x0005, 0x0005, 0x0005, 0x0005, 0x0005, 0x0005,
    0x0005, 0x0005, 0x0005, 0x0005, 0x0005, 0x0005, 0x0005, 0x0005, 0x0005, 0x0005, 0x0005, 0x0005, 0x0005, 0x0005, 0x0005, 0x0005,
    0x0005, 0x0005, 0x0005, 0x0005, 0x0005, 0x0005, 0x0005, 0x0005, 0x0005, 0x0005, 0x0005, 0x0005, 0x0005, 0x0005, 0x0005, 0x0005,
    0x0005, 0x0005, 0x0005, 0x0005, 0x0005, 0x0005, 0x0005, 0x0005, 0x0005, 0x0005, 0x0005, 0x0005, 0x0005, 0x0005, 0x0005, 0x0005,
    0x0005, 0x0005, 0x0005, 0x0005, 0x0005, 0x0005, 0x0005, 0x0005, 0x0005, 0x0005, 0x0005, 0x0005, 0x0005, 0x0005, 0x0005, 0x0005,
    0x0005, 0x0005, 0x0005, 0x0005, 0x0005, 0x0005, 0x0005, 0x0005, 0x0005, 0x0005, 0x0005, 0x0005, 0x0005, 0x0005, 0x0005, 0x0005,
    0x0005, 0x0005, 0x0005, 0x0005, 0x0005, 0x0005, 0x0005, 0x0005, 0x0005, 0x0005, 0x0005, 0x0005, 0x0005, 0x0005, 0x0005, 0x0005,
    0x0005, 0x0005, 0x0005, 0x0005, 0x0005, 0x0005, 0x0005, 0x0005, 0x0005, 0x0005, 0x0005, 0x0005, 0x0005, 0x0005, 0x0005, 0x0005,
    0x0005, 0x0005, 0x0005, 0x0005, 0x0005, 0x0005, 0x0005, 0x0005, 0x0005, 0x0005, 0x0005, 0x0005, 0x0005, 0x0005, 0x0005, 0x0005,
    0x0006, 0x0006, 0x0006, 0x0006, 0x0006, 0x0006, 0x0006, 0x0006, 0x0006, 0x0006, 0x0006, 0x0006, 0x0006, 0x0006, 0x0006, 0x0006,
    0x0006, 0x0006, 0x0006, 0x0006, 0x0006, 0x0006, 0x0006, 0x0006, 0x0006, 0x0006, 0x0006, 0x0006, 0x0006, 0x0006, 0x0006, 0x0006,
    0x0006, 0x0006, 0x0006, 0x0006, 0x0006, 0x0006, 0x0006, 0x0006, 0x0006, 0x0006, 0x0006, 0x0006, 0x0006, 0x0006, 0x0006, 0x0006,
    0x0006, 0x0006, 0x0006, 0x0006, 0x0006, 0x0006, 0x0006, 0x0006, 0x0006, 0x0006, 0x0006, 0x0006, 0x0006, 0x0006, 0x0006, 0x0006,
    0x0006, 0x0006, 0x0006, 0x0006, 0x0006, 0x0006, 0x0006, 0x0006, 0x0006, 0x0006, 0x0006, 0x0006, 0x0006, 0x0006, 0x0006, 0x0006,
    0x0006, 0x0006, 0x0006, 0x0006, 0x0006, 0x0006, 0x0006, 0x0006, 0x0006, 0x0006, 0x0006, 0x0006, 0x0006, 0x0006, 0x0006, 0x0006,
    0x0006, 0x0006, 0x0006, 0x0006, 0x0006, 0x0006, 0x0006, 0x0006, 0x0006, 0x0006, 0x0006, 0x0006, 0x0006, 0x0006, 0x0006, 0x0006,
    0x0006, 0x0006, 0x0006, 0x0006, 0x0006, 0x0006, 0x0006, 0x0006, 0x0006, 0x0006, 0x0006, 0x0006, 0x0006, 0x0006, 0x0006, 0x0006,
    0x0006, 0x0006, 0x0006, 0x0006, 0x0006, 0x0006, 0x0006, 0x0006, 0x0006, 0x0006, 0x0006, 0x0006, 0x0006, 0x0006, 0x0006, 0x0006,
    0x0006, 0x0006, 0x0006, 0x0006, 0x0006, 0x0006, 0x0006, 0x0006, 0x0006, 0x0006, 0x0006, 0x0006, 0x0006, 0x0006, 0x0006, 0x0006,
    0x0006, 0x0006, 0x0006, 0x0006, 0x0006, 0x0006, 0x0006, 0x0006, 0x0006, 0x0006, 0x0006, 0x0006, 0x0006, 0x0006, 0x0006, 0x0006,
    0x0006, 0x0006, 0x0006, 0x0006, 0x0006, 0x0006, 0x0006, 0x0006, 0x0006, 0x0006, 0x0006, 0x0006, 0x0006, 0x0006, 0x0006, 0x0006,
    0x0006, 0x0006, 0x0006, 0x0006, 0x0006, 0x0006, 0x0006, 0x0006, 0x0006, 0x0006, 0x0006, 0x0006, 0x0006, 0x0006, 0x0006, 0x0006,
    0x0006, 0x0006, 0x0006, 0x0006, 0x0006, 0x0006, 0x0006, 0x0006, 0x0006, 0x0006, 0x0006, 0x0006, 0x0006, 0x0006, 0x0006, 0x0006,
    0x0006, 0x0006, 0x0006, 0x0006, 0x0006, 0x0006, 0x0006, 0x0006, 0x0006, 0x0006, 0x0006, 0x0006, 0x0006, 0x0006, 0x0006, 0x0006,
    0x0006, 0x0006, 0x0006, 0x0006, 0x0006, 0x0006, 0x0006, 0x0006, 0x0006, 0x0006, 0x0006, 0x0006, 0x0006, 0x0006, 0x0006, 0x0006,
    0x0006, 0x0006, 0x0006, 0x0006, 0x0006, 0x0006, 0x0006, 0x0006, 0x0006, 0x0006, 0x0006, 0x0006, 0x0006, 0x0006, 0x0006, 0x0006,
    0x0006, 0x0006, 0x0006, 0x0006, 0x0006, 0x0006, 0x0006, 0x0006, 0x0006, 0x0006, 0x0006, 0x0006, 0x0006, 0x0006, 0x0006, 0x0006,
    0x0006, 0x0006, 0x0006, 0x0006, 0x0006, 0x0006, 0x0006, 0x0006, 0x0006, 0x0006, 0x0006, 0x0006, 0x0006, 0x0006, 0x0006, 0x0006,
    0x0006, 0x0006, 0x0006, 0x0006, 0x0006, 0x0006, 0x0006, 0x0006, 0x0006, 0x0006, 0x0006, 0x0006, 0x0006, 0x0006, 0x0006, 0x0006,
    0x0006, 0x0006, 0x0006, 0x0006, 0x0006, 0x0006, 0x0006, 0x0006, 0x0006, 0x0006, 0x0006, 0x0006, 0x0006, 0x0006, 0x0006, 0x0006,
    0x0006, 0x0006, 0x0006, 0x0006, 0x0006, 0x0006, 0x0006, 0x0006, 0x0006, 0x0006, 0x0006, 0x0006, 0x0006, 0x0006, 0x0006, 0x0006,
    0x0006, 0x0006, 0x0006, 0x0006, 0x0006, 0x0006, 0x0006, 0x0006, 0x0006, 0x0006, 0x0006, 0x0006, 0x0006, 0x0006, 0x0006, 0x0006,
    0x0006, 0x0006, 0x0006, 0x0006, 0x0006, 0x0006, 0x0006, 0x0006, 0x0006, 0x0006, 0x0006, 0x0006, 0x0006, 0x0006, 0x0006, 0x0006,
    0x0006, 0x0006, 0x0006, 0x0006, 0x0006, 0x0006, 0x0006, 0x0006, 0x0006, 0x0006, 0x0006, 0x0006, 0x0006, 0x0006, 0x0006, 0x0006,
    0x0006, 0x0006, 0x0006, 0x0006, 0x0006, 0x0006, 0x0006, 0x0006, 0x0006, 0x0006, 0x0006, 0x0006, 0x0006, 0x0006, 0x0006, 0x0006,
    0x0006, 0x0006, 0x0006, 0x0006, 0x0006, 0x0006, 0x0006, 0x0006, 0x0006, 0x0006, 0x0006, 0x0006, 0x0006, 0x0006, 0x0006, 0x0006,
    0x0006, 0x0006, 0x0006, 0x0006, 0x0006, 0x0006, 0x0006, 0x0006, 0x0006, 0x0006, 0x0006, 0x0006, 0x0006, 0x0006, 0x0006, 0x0006,
    0x0006, 0x0006, 0x0006, 0x0006, 0x0006, 0x0006, 0x0006, 0x0006, 0x0006, 0x0006, 0x0006, 0x0006, 0x0006, 0x0006, 0x0006, 0x0006,
    0x0006, 0x0006, 0x0006, 0x0006, 0x0006, 0x0006, 0x0006, 0x0006, 0x0006, 0x0006, 0x0006, 0x0006, 0x0006, 0x0006, 0x0006, 0x0006,
    0x0006, 0x0006, 0x0006, 0x0006, 0x0006, 0x0006, 0x0006, 0x0006, 0x0006, 0x0006, 0x0006, 0x0006, 0x0006, 0x0006, 0x0006, 0x0006,
    0x0006, 0x0006, 0x0006, 0x0006, 0x0006, 0x0006, 0x0006, 0x0006, 0x0006, 0x0006, 0x0006, 0x0006, 0x0006, 0x0006, 0x0006, 0x0006,
    0x0006, 0x0006, 0x0006, 0x0006, 0x0006, 0x0006, 0x0006, 0x0006, 0x0006, 0x0006, 0x0006, 0x0006, 0x0006, 0x0006, 0x0006, 0x0006,
    0x0006, 0x0006, 0x0006, 0x0006, 0x0006, 0x0006, 0x0006, 0x0006, 0x0006, 0x0006, 0x0006, 0x0006, 0x0006, 0x0006, 0x0006, 0x0006,
    0x0006, 0x0006, 0x0006, 0x0006, 0x0006, 0x0006, 0x0006, 0x0006, 0x0006, 0x0006, 0x0006, 0x0006, 0x0006, 0x0006, 0x0006, 0x0006,
    0x0006, 0x0006, 0x0006, 0x0006, 0x0006, 0x0006, 0x0006, 0x0006, 0x0006, 0x0006, 0x0006, 0x0006, 0x0006, 0x0006, 0x0006, 0x0006,
    0x0006, 0x0006, 0x0006, 0x0006, 0x0006, 0x0006, 0x0006, 0x0006, 0x0006, 0x0006, 0x0006, 0x0006, 0x0006, 0x0006, 0x0006, 0x0006,
    0x0006, 0x0006, 0x0006, 0x0006, 0x0006, 0x0006, 0x0006, 0x0006, 0x0006, 0x0006, 0x0006, 0x0006, 0x0006, 0x0006, 0x0006, 0x0006,
    0x0006, 0x0006, 0x0006, 0x0006, 0x0006, 0x0006, 0x0006, 0x0006, 0x0006, 0x0006, 0x0006, 0x0006, 0x0006, 0x0006, 0x0006, 0x0006,
    0x0006, 0x0006, 0x0006, 0x0006, 0x0006, 0x0006, 0x0006, 0x0006, 0x0006, 0x0006, 0x0006, 0x0006, 0x0006, 0x0006, 0x0006, 0x0006,
    0x0007, 0x0007, 0x0007, 0x0007, 0x0007, 0x0007, 0x0007, 0x0007, 0x0007, 0x0007, 0x0007, 0x0007, 0x0007, 0x0007, 0x0007, 0x0007,
    0x0007, 0x0007, 0x0007, 0x0007, 0x0007, 0x0007, 0x0007, 0x0007, 0x0007, 0x0007, 0x0007, 0x0007, 0x0007, 0x0007, 0x0007, 0x0007,
    0x0007, 0x0007, 0x0007, 0x0007, 0x0007, 0x0007, 0x0007, 0x0007, 0x0007, 0x0007, 0x0007, 0x0007, 0x0007, 0x0007, 0x0007, 0x0007,
    0x0007, 0x0007, 0x0007, 0x0007, 0x0007, 0x0007, 0x0007, 0x0007, 0x0007, 0x0007, 0x0007, 0x0007, 0x0007, 0x0007, 0x0007, 0x0007,
    0x0007, 0x0007, 0x0007, 0x0007, 0x0007, 0x0007, 0x0007, 0x0007, 0x0007, 0x0007, 0x0007, 0x0007, 0x0007, 0x0007, 0x0007, 0x0007,
    0x0007, 0x0007, 0x0007, 0x0007, 0x0007, 0x0007, 0x0007, 0x0007, 0x0007, 0x0007, 0x0007, 0x0007, 0x0007, 0x0007, 0x0007, 0x0007,
    0x0007, 0x0007, 0x0007, 0x0007, 0x0007, 0x0007, 0x0007, 0x0007, 0x0007, 0x0007, 0x0007, 0x0007, 0x0007, 0x0007, 0x0007, 0x0007,
    0x0007, 0x0007, 0x0007, 0x0007, 0x0007, 0x0007, 0x0007, 0x0007, 0x0007, 0x0007, 0x0007, 0x0007, 0x0007, 0x0007, 0x0007, 0x0007,
    0x0007, 0x0007, 0x0007, 0x0007, 0x0007, 0x0007, 0x0007, 0x0007, 0x0007, 0x0007, 0x0007, 0x0007, 0x0007, 0x0007, 0x0007, 0x0007,
    0x0007, 0x0007, 0x0007, 0x0007, 0x0007, 0x0007, 0x0007, 0x0007, 0x0007, 0x0007, 0x0007, 0x0007, 0x0007, 0x0007, 0x0007, 0x0007,
    0x0007, 0x0007, 0x0007, 0x0007, 0x0007, 0x0007, 0x0007, 0x0007, 0x0007, 0x0007, 0x0007, 0x0007, 0x0007, 0x0007, 0x0007, 0x0007,
    0x0007, 0x0007, 0x0007, 0x0007, 0x0007, 0x0007, 0x0007, 0x0007, 0x0007, 0x0007, 0x0007, 0x0007, 0x0007, 0x0007, 0x0007, 0x0007,
    0x0007, 0x0007, 0x0007, 0x0007, 0x0007, 0x0007, 0x0007, 0x0007, 0x0007, 0x0007, 0x0007, 0x0007, 0x0007, 0x0007, 0x0007, 0x0007,
    0x0007, 0x0007, 0x0007, 0x0007, 0x0007, 0x0007, 0x0007, 0x0007, 0x0007, 0x0007, 0x0007, 0x0007, 0x0007, 0x0007, 0x0007, 0x0007,
    0x0007, 0x0007, 0x0007, 0x0007, 0x0007, 0x0007, 0x0007, 0x0007, 0x0007, 0x0007, 0x0007, 0x0007, 0x0007, 0x0007, 0x0007, 0x0007,
    0x0007, 0x0007, 0x0007, 0x0007, 0x0007, 0x0007, 0x0007, 0x0007, 0x0007, 0x0007, 0x0007, 0x0007, 0x0007, 0x0007, 0x0007, 0x0007,
    0x0007, 0x0007, 0x0007, 0x0007, 0x0007, 0x0007, 0x0007, 0x0007, 0x0007, 0x0007, 0x0007, 0x0007, 0x0007, 0x0007, 0x0007, 0x0007,
    0x0007, 0x0007, 0x0007, 0x0007, 0x0007, 0x0007, 0x0007, 0x0007, 0x0007, 0x0007, 0x0007, 0x0007, 0x0007, 0x0007, 0x0007, 0x0007,
    0x0007, 0x0007, 0x0007, 0x0007, 0x0007, 0x0007, 0x0007, 0x0007, 0x0007, 0x0007, 0x0007, 0x0007, 0x0007, 0x0007, 0x0007, 0x0007,
    0x0007, 0x0007, 0x0007, 0x0007, 0x0007, 0x0007, 0x0007, 0x0007, 0x0007, 0x0007, 0x0007, 0x0007, 0x0007, 0x0007, 0x0007, 0x0007,
    0x0007, 0x0007, 0x0007, 0x0007, 0x0007, 0x0007, 0x0007, 0x0007, 0x0007, 0x0007, 0x0007, 0x0007, 0x0007, 0x0007, 0x0007, 0x0007,
    0x0007, 0x0007, 0x0007, 0x0007, 0x0007, 0x0007, 0x0007, 0x0007, 0x0007, 0x0007, 0x0007, 0x0007, 0x0007, 0x0007, 0x0007, 0x0007,
    0x0007, 0x0007, 0x0007, 0x0007, 0x0007, 0x0007, 0x0007, 0x0007, 0x0007, 0x0007, 0x0007, 0x0007, 0x0007, 0x0007, 0x0007, 0x0007,
    0x0007, 0x0007, 0x0007, 0x0007, 0x0007, 0x0007, 0x0007, 0x0007, 0x0007, 0x0007, 0x0007, 0x0007, 0x0007, 0x0007, 0x0007, 0x0007,
    0x0007, 0x0007, 0x0007, 0x0007, 0x0007, 0x0007, 0x0007, 0x0007, 0x0007, 0x0007, 0x0007, 0x0007, 0x0007, 0x0007, 0x0007, 0x0007,
    0x0007, 0x0007, 0x0007, 0x0007, 0x0007, 0x0007, 0x0007, 0x0007, 0x0007, 0x0007, 0x0007, 0x0007, 0x0007, 0x0007, 0x0007, 0x0007,
    0x0007, 0x0007, 0x0007, 0x0007, 0x0007, 0x0007, 0x0007, 0x0007, 0x0007, 0x0007, 0x0007, 0x0007, 0x0007, 0x0007, 0x0007, 0x0007,
    0x0007, 0x0007, 0x0007, 0x0007, 0x0007, 0x0007, 0x0007, 0x0007, 0x0007, 0x0007, 0x0007, 0x0007, 0x0007, 0x0007, 0x0007, 0x0007,
    0x0007, 0x0007, 0x0007, 0x0007, 0x0007, 0x0007, 0x0007, 0x0007, 0x0007, 0x0007, 0x0007, 0x0007, 0x0007, 0x0007, 0x0007, 0x0007,
    0x0007, 0x0007, 0x0007, 0x0007, 0x0007, 0x0007, 0x0007, 0x0007, 0x0007, 0x0007, 0x0007, 0x0007, 0x0007, 0x0007, 0x0007, 0x0007,
    0x0007, 0x0007, 0x0007, 0x0007, 0x0007, 0x0007, 0x0007, 0x0007, 0x0007, 0x0007, 0x0007, 0x0007, 0x0007, 0x0007, 0x0007, 0x0007,
    0x0007, 0x0007, 0x0007, 0x0007, 0x0007, 0x0007, 0x0007, 0x0007, 0x0007, 0x0007, 0x0007, 0x0007, 0x0007, 0x0007, 0x0007, 0x0007,
    0x0007, 0x0007, 0x0007, 0x0007, 0x0007, 0x0007, 0x0007, 0x0007, 0x0007, 0x0007, 0x0007, 0x0007, 0x0007, 0x0007, 0x0007, 0x0007,
    0x0007, 0x0007, 0x0007, 0x0007, 0x0007, 0x0007, 0x0007, 0x0007, 0x0007, 0x0007, 0x0007, 0x0007, 0x0007, 0x0007, 0x0007, 0x0007,
    0x0007, 0x0007, 0x0007, 0x0007, 0x0007, 0x0007, 0x0007, 0x0007, 0x0007, 0x0007, 0x0007, 0x0007, 0x0007, 0x0007, 0x0007, 0x0007,
    0x0007, 0x0007, 0x0007, 0x0007, 0x0007, 0x0007, 0x0007, 0x0007, 0x0007, 0x0007, 0x0007, 0x0007, 0x0007, 0x0007, 0x0007, 0x0007,
    0x0007, 0x0007, 0x0007, 0x0007, 0x0007, 0x0007, 0x0007, 0x0007, 0x0007, 0x0007, 0x0007, 0x0007, 0x0007, 0x0007, 0x0007, 0x0007,
    0x0007, 0x0007, 0x0007, 0x0007, 0x0007, 0x0007, 0x0007, 0x0007, 0x0007, 0x0007, 0x0007, 0x0007, 0x0007, 0x0007, 0x0007, 0x0007,
    0x0007, 0x0007, 0x0007, 0x0007, 0x0007, 0x0007, 0x0007, 0x0007, 0x0007, 0x0007, 0x0007, 0x0007, 0x0007, 0x0007, 0x0007, 0x0007,
    0x0007, 0x0007, 0x0007, 0x0007, 0x0007, 0x0007, 0x0007, 0x0007, 0x0007, 0x0007, 0x0007, 0x0007, 0x0007, 0x0007, 0x0007, 0x0007,
    0x0008, 0x0008, 0x0008, 0x0008, 0x0008, 0x0008, 0x0008, 0x0008, 0x0008, 0x0008, 0x0008, 0x0008, 0x0008, 0x0008, 0x0008, 0x0008,
    0x0008, 0x0008, 0x0008, 0x0008, 0x0008, 0x0008, 0x0008, 0x0008, 0x0008, 0x0008, 0x0008, 0x0008, 0x0008, 0x0008, 0x0008, 0x0008,
    0x0008, 0x0008, 0x0008, 0x0008, 0x0008, 0x0008, 0x0008, 0x0008, 0x0008, 0x0008, 0x0008, 0x0008, 0x0008, 0x0008, 0x0008, 0x0008,
    0x0008, 0x0008, 0x0008, 0x0008, 0x0008, 0x0008, 0x0008, 0x0008, 0x0008, 0x0008, 0x0008, 0x0008, 0x0008, 0x0008, 0x0008, 0x0008,
    0x0008, 0x0008, 0x0008, 0x0008, 0x0008, 0x0008, 0x0008, 0x0008, 0x0008, 0x0008, 0x0008, 0x0008, 0x0008, 0x0008, 0x0008, 0x0008,
    0x0008, 0x0008, 0x0008, 0x0008, 0x0008, 0x0008, 0x0008, 0x0008, 0x0008, 0x0008, 0x0008, 0x0008, 0x0008, 0x0008, 0x0008, 0x0008,
    0x0008, 0x0008, 0x0008, 0x0008, 0x0008, 0x0008, 0x0008, 0x0008, 0x0008, 0x0008, 0x0008, 0x0008, 0x0008, 0x0008, 0x0008, 0x0008,
    0x0008, 0x0008, 0x0008, 0x0008, 0x0008, 0x0008, 0x0008, 0x0008, 0x0008, 0x0008, 0x0008, 0x0008, 0x0008, 0x0008, 0x0008, 0x0008,
    0x0008, 0x0008, 0x0008, 0x0008, 0x0008, 0x0008, 0x0008, 0x0008, 0x0008, 0x0008, 0x0008, 0x0008, 0x0008, 0x0008, 0x0008, 0x0008,
    0x0008, 0x0008, 0x0008, 0x0008, 0x0008, 0x0008, 0x0008, 0x0008, 0x0008, 0x0008, 0x0008, 0x0008, 0x0008, 0x0008, 0x0008, 0x0008,
    0x0008, 0x0008, 0x0008, 0x0008, 0x0008, 0x0008, 0x0008, 0x0008, 0x0008, 0x0008, 0x0008, 0x0008, 0x0008, 0x0008, 0x0008, 0x0008,
    0x0008, 0x0008, 0x0008, 0x0008, 0x0008, 0x0008, 0x0008, 0x0008, 0x0008, 0x0008, 0x0008, 0x0008, 0x0008, 0x0008, 0x0008, 0x0008,
    0x0008, 0x0008, 0x0008, 0x0008, 0x0008, 0x0008, 0x0008, 0x0008, 0x0008, 0x0008, 0x0008, 0x0008, 0x0008, 0x0008, 0x0008, 0x0008,
    0x0008, 0x0008, 0x0008, 0x0008, 0x0008, 0x0008, 0x0008, 0x0008, 0x0008, 0x0008, 0x0008, 0x0008, 0x0008, 0x0008, 0x0008, 0x0008,
    0x0008, 0x0008, 0x0008, 0x0008, 0x0008, 0x0008, 0x0008, 0x0008, 0x0008, 0x0008, 0x0008, 0x0008, 0x0008, 0x0008, 0x0008, 0x0008,
    0x0008, 0x0008, 0x0008, 0x0008, 0x0008, 0x0008, 0x0008, 0x0008, 0x0008, 0x0008, 0x0008, 0x0008, 0x0008, 0x0008, 0x0008, 0x0008,
    0x0008, 0x0008, 0x0008, 0x0008, 0x0008, 0x0008, 0x0008, 0x0008, 0x0008, 0x0008, 0x0008, 0x0008, 0x0008, 0x0008, 0x0008, 0x0008,
    0x0008, 0x0008, 0x0008, 0x0008, 0x0008, 0x0008, 0x0008, 0x0008, 0x0008, 0x0008, 0x0008, 0x0008, 0x0008, 0x0008, 0x0008, 0x0008,
    0x0008, 0x0008, 0x0008, 0x0008, 0x0008, 0x0008, 0x0008, 0x0008, 0x0008, 0x0008, 0x0008, 0x0008, 0x0008, 0x0008, 0x0008, 0x0008,
    0x0008, 0x0008, 0x0008, 0x0008, 0x0008, 0x0008, 0x0008, 0x0008, 0x0008, 0x0008, 0x0008, 0x0008, 0x0008, 0x0008, 0x0008, 0x0008,
    0x0008, 0x0008, 0x0008, 0x0008, 0x0008, 0x0008, 0x0008, 0x0008, 0x0008, 0x0008, 0x0008, 0x0008, 0x0008, 0x0008, 0x0008, 0x0008,
    0x0008, 0x0008, 0x0008, 0x0008, 0x0008, 0x0008, 0x0008, 0x0008, 0x0008, 0x0008, 0x0008, 0x0008, 0x0008, 0x0008, 0x0008, 0x0008,
    0x0008, 0x0008, 0x0008, 0x0008, 0x0008, 0x0008, 0x0008, 0x0008, 0x0008, 0x0008, 0x0008, 0x0008, 0x0008, 0x0008, 0x0008, 0x0008,
    0x0008, 0x0008, 0x0008, 0x0008, 0x0008, 0x0008, 0x0008, 0x0008, 0x0008, 0x0008, 0x0008, 0x0008, 0x0008, 0x0008, 0x0008, 0x0008,
    0x0008, 0x0008, 0x0008, 0x0008, 0x0008, 0x0008, 0x0008, 0x0008, 0x0008, 0x0008, 0x0008, 0x0008, 0x0008, 0x0008, 0x0008, 0x0008,
    0x0008, 0x0008, 0x0008, 0x0008, 0x0008, 0x0008, 0x0008, 0x0008, 0x0008, 0x0008, 0x0008, 0x0008, 0x0008, 0x0008, 0x0008, 0x0008,
    0x0008, 0x0008, 0x0008, 0x0008, 0x0008, 0x0008, 0x0008, 0x0008, 0x0008, 0x0008, 0x0008, 0x0008, 0x0008, 0x0008, 0x0008, 0x0008,
    0x0008, 0x0008, 0x0008, 0x0008, 0x0008, 0x0008, 0x0008, 0x0008, 0x0008, 0x0008, 0x0008, 0x0008, 0x0008, 0x0008, 0x0008, 0x0008,
    0x0008, 0x0008, 0x0008, 0x0008, 0x0008, 0x0008, 0x0008, 0x0008, 0x0008, 0x0008, 0x0008, 0x0008, 0x0008, 0x0008, 0x0008, 0x0008,
    0x0008, 0x0008, 0x0008, 0x0008, 0x0008, 0x0008, 0x0008, 0x0008, 0x0008, 0x0008, 0x0008, 0x0008, 0x0008, 0x0008, 0x0008, 0x0008,
    0x0008, 0x0008, 0x0008, 0x0008, 0x0008, 0x0008, 0x0008, 0x0008, 0x0008, 0x0008, 0x0008, 0x0008, 0x0008, 0x0008, 0x0008, 0x0008,
    0x0008, 0x0008, 0x0008, 0x0008, 0x0008, 0x0008, 0x0008, 0x0008, 0x0008, 0x0008, 0x0008, 0x0008, 0x0008, 0x0008, 0x0008, 0x0008,
    0x0008, 0x0008, 0x0008, 0x0008, 0x0008, 0x0008, 0x0008, 0x0008, 0x0008, 0x0008, 0x0008, 0x0008, 0x0008, 0x0008, 0x0008, 0x0008,
    0x0008, 0x0008, 0x0008, 0x0008, 0x0008, 0x0008, 0x0008, 0x0008, 0x0008, 0x0008, 0x0008, 0x0008, 0x0008, 0x0008, 0x0008, 0x0008,
    0x0008, 0x0008, 0x0008, 0x0008, 0x0008, 0x0008, 0x0008, 0x0008, 0x0008, 0x0008, 0x0008, 0x0008, 0x0008, 0x0008, 0x0008, 0x0008,
    0x0008, 0x0008, 0x0008, 0x0008, 0x0008, 0x0008, 0x0008, 0x0008, 0x0008, 0x0008, 0x0008, 0x0008, 0x0008, 0x0008, 0x0008, 0x0008,
    0x0008, 0x0008, 0x0008, 0x0008, 0x0008, 0x0008, 0x0008, 0x0008, 0x0008, 0x0008, 0x0008, 0x0008, 0x0008, 0x0008, 0x0008, 0x0008,
    0x0008, 0x0008, 0x0008, 0x0008, 0x0008, 0x0008, 0x0008, 0x0008, 0x0008, 0x0008, 0x0008, 0x0008, 0x0008, 0x0008, 0x0008, 0x0008,
    0x0008, 0x0008, 0x0008, 0x0008, 0x0008, 0x0008, 0x0008, 0x0008, 0x0008, 0x0008, 0x0008, 0x0008, 0x0008, 0x0008, 0x0008, 0x0008,
    0x0008, 0x0008, 0x0008, 0x0008, 0x0008, 0x0008, 0x0008, 0x0008, 0x0008, 0x0008, 0x0008, 0x0008, 0x0008, 0x0008, 0x0008, 0x0008,
    0x0009, 0x0009, 0x0009, 0x0009, 0x0009, 0x0009, 0x0009, 0x0009, 0x0009, 0x0009, 0x0009, 0x0009, 0x0009, 0x0009, 0x0009, 0x0009,
    0x0009, 0x0009, 0x0009, 0x0009, 0x0009, 0x0009, 0x0009, 0x0009, 0x0009, 0x0009, 0x0009, 0x0009, 0x0009, 0x0009, 0x0009, 0x0009,
    0x0009, 0x0009, 0x0009, 0x0009, 0x0009, 0x0009, 0x0009, 0x0009, 0x0009, 0x0009, 0x0009, 0x0009, 0x0009, 0x0009, 0x0009, 0x0009,
    0x0009, 0x0009, 0x0009, 0x0009, 0x0009, 0x0009, 0x0009, 0x0009, 0x0009, 0x0009, 0x0009, 0x0009, 0x0009, 0x0009, 0x0009, 0x0009,
    0x0009, 0x0009, 0x0009, 0x0009, 0x0009, 0x0009, 0x0009, 0x0009, 0x0009, 0x0009, 0x0009, 0x0009, 0x0009, 0x0009, 0x0009, 0x0009,
    0x0009, 0x0009, 0x0009, 0x0009, 0x0009, 0x0009, 0x0009, 0x0009, 0x0009, 0x0009, 0x0009, 0x0009, 0x0009, 0x0009, 0x0009, 0x0009,
    0x0009, 0x0009, 0x0009, 0x0009, 0x0009, 0x0009, 0x0009, 0x0009, 0x0009, 0x0009, 0x0009, 0x0009, 0x0009, 0x0009, 0x0009, 0x0009,
    0x0009, 0x0009, 0x0009, 0x0009, 0x0009, 0x0009, 0x0009, 0x0009, 0x0009, 0x0009, 0x0009, 0x0009, 0x0009, 0x0009, 0x0009, 0x0009,
    0x0009, 0x0009, 0x0009, 0x0009, 0x0009, 0x0009, 0x0009, 0x0009, 0x0009, 0x0009, 0x0009, 0x0009, 0x0009, 0x0009, 0x0009, 0x0009,
    0x0009, 0x0009, 0x0009, 0x0009, 0x0009, 0x0009, 0x0009, 0x0009, 0x0009, 0x0009, 0x0009, 0x0009, 0x0009, 0x0009, 0x0009, 0x0009,
    0x0009, 0x0009, 0x0009, 0x0009, 0x0009, 0x0009, 0x0009, 0x0009, 0x0009, 0x0009, 0x0009, 0x0009, 0x0009, 0x0009, 0x0009, 0x0009,
    0x0009, 0x0009, 0x0009, 0x0009, 0x0009, 0x0009, 0x0009, 0x0009, 0x0009, 0x0009, 0x0009, 0x0009, 0x0009, 0x0009, 0x0009, 0x0009,
    0x0009, 0x0009, 0x0009, 0x0009, 0x0009, 0x0009, 0x0009, 0x0009, 0x0009, 0x0009, 0x0009, 0x0009, 0x0009, 0x0009, 0x0009, 0x0009,
    0x0009, 0x0009, 0x0009, 0x0009, 0x0009, 0x0009, 0x0009, 0x0009, 0x0009, 0x0009, 0x0009, 0x0009, 0x0009, 0x0009, 0x0009, 0x0009,
    0x0009, 0x0009, 0x0009, 0x0009, 0x0009, 0x0009, 0x0009, 0x0009, 0x0009, 0x0009, 0x0009, 0x0009, 0x0009, 0x0009, 0x0009, 0x0009,
    0x0009, 0x0009, 0x0009, 0x0009, 0x0009, 0x0009, 0x0009, 0x0009, 0x0009, 0x0009, 0x0009, 0x0009, 0x0009, 0x0009, 0x0009, 0x0009,
    0x0009, 0x0009, 0x0009, 0x0009, 0x0009, 0x0009, 0x0009, 0x0009, 0x0009, 0x0009, 0x0009, 0x0009, 0x0009, 0x0009, 0x0009, 0x0009,
    0x0009, 0x0009, 0x0009, 0x0009, 0x0009, 0x0009, 0x0009, 0x0009, 0x0009, 0x0009, 0x0009, 0x0009, 0x0009, 0x0009, 0x0009, 0x0009,
    0x0009, 0x0009, 0x0009, 0x0009, 0x0009, 0x0009, 0x0009, 0x0009, 0x0009, 0x0009, 0x0009, 0x0009, 0x0009, 0x0009, 0x0009, 0x0009,
    0x0009, 0x0009, 0x0009, 0x0009, 0x0009, 0x0009, 0x0009, 0x0009, 0x0009, 0x0009, 0x0009, 0x0009, 0x0009, 0x0009, 0x0009, 0x0009,
    0x0009, 0x0009, 0x0009, 0x0009, 0x0009, 0x0009, 0x0009, 0x0009, 0x0009, 0x0009, 0x0009, 0x0009, 0x0009, 0x0009, 0x0009, 0x0009,
    0x0009, 0x0009, 0x0009, 0x0009, 0x0009, 0x0009, 0x0009, 0x0009, 0x0009, 0x0009, 0x0009, 0x0009, 0x0009, 0x0009, 0x0009, 0x0009,
    0x0009, 0x0009, 0x0009, 0x0009, 0x0009, 0x0009, 0x0009, 0x0009, 0x0009, 0x0009, 0x0009, 0x0009, 0x0009, 0x0009, 0x0009, 0x0009,
    0x0009, 0x0009, 0x0009, 0x0009, 0x0009, 0x0009, 0x0009, 0x0009, 0x0009, 0x0009, 0x0009, 0x0009, 0x0009, 0x0009, 0x0009, 0x0009,
    0x0009, 0x0009, 0x0009, 0x0009, 0x0009, 0x0009, 0x0009, 0x0009, 0x0009, 0x0009, 0x0009, 0x0009, 0x0009, 0x0009, 0x0009, 0x0009,
    0x0009, 0x0009, 0x0009, 0x0009, 0x0009, 0x0009, 0x0009, 0x0009, 0x0009, 0x0009, 0x0009, 0x0009, 0x0009, 0x0009, 0x0009, 0x0009,
    0x0009, 0x0009, 0x0009, 0x0009, 0x0009, 0x0009, 0x0009, 0x0009, 0x0009, 0x0009, 0x0009, 0x0009, 0x0009, 0x0009, 0x0009, 0x0009,
    0x0009, 0x0009, 0x0009, 0x0009, 0x0009, 0x0009, 0x0009, 0x0009, 0x0009, 0x0009, 0x0009, 0x0009, 0x0009, 0x0009, 0x0009, 0x0009,
    0x0009, 0x0009, 0x0009, 0x0009, 0x0009, 0x0009, 0x0009, 0x0009, 0x0009, 0x0009, 0x0009, 0x0009, 0x0009, 0x0009, 0x0009, 0x0009,
    0x0009, 0x0009, 0x0009, 0x0009, 0x0009, 0x0009, 0x0009, 0x0009, 0x0009, 0x0009, 0x0009, 0x0009, 0x0009, 0x0009, 0x0009, 0x0009,
    0x0009, 0x0009, 0x0009, 0x0009, 0x0009, 0x0009, 0x0009, 0x0009, 0x0009, 0x0009, 0x0009, 0x0009, 0x0009, 0x0009, 0x0009, 0x0009,
    0x0009, 0x0009, 0x0009, 0x0009, 0x0009, 0x0009, 0x0009, 0x0009, 0x0009, 0x0009, 0x0009, 0x0009, 0x0009, 0x0009, 0x0009, 0x0009,
    0x0009, 0x0009, 0x0009, 0x0009, 0x0009, 0x0009, 0x0009, 0x0009, 0x0009, 0x0009, 0x0009, 0x0009, 0x0009, 0x0009, 0x0009, 0x0009,
    0x0009, 0x0009, 0x0009, 0x0009, 0x0009, 0x0009, 0x0009, 0x0009, 0x0009, 0x0009, 0x0009, 0x0009, 0x0009, 0x0009, 0x0009, 0x0009,
    0x0009, 0x0009, 0x0009, 0x0009, 0x0009, 0x0009, 0x0009, 0x0009, 0x0009, 0x0009, 0x0009, 0x0009, 0x0009, 0x0009, 0x0009, 0x0009,
    0x0009, 0x0009, 0x0009, 0x0009, 0x0009, 0x0009, 0x0009, 0x0009, 0x0009, 0x0009, 0x0009, 0x0009, 0x0009, 0x0009, 0x0009, 0x0009,
    0x0009, 0x0009, 0x0009, 0x0009, 0x0009, 0x0009, 0x0009, 0x0009, 0x0009, 0x0009, 0x0009, 0x0009, 0x0009, 0x0009, 0x0009, 0x0009,
    0x0009, 0x0009, 0x0009, 0x0009, 0x0009, 0x0009, 0x0009, 0x0009, 0x0009, 0x0009, 0x0009, 0x0009, 0x0009, 0x0009, 0x0009, 0x0009,
    0x0009, 0x0009, 0x0009, 0x0009, 0x0009, 0x0009, 0x0009, 0x0009, 0x0009, 0x0009, 0x0009, 0x0009, 0x0009, 0x0009, 0x0009, 0x0009,
    0x0009, 0x0009, 0x0009, 0x0009, 0x0009, 0x0009, 0x0009, 0x0009, 0x0009, 0x0009, 0x0009, 0x0009, 0x0009, 0x0009, 0x0009, 0x0009,
    0x000A, 0x000A, 0x000A, 0x000A, 0x000A, 0x000A, 0x000A, 0x000A, 0x000A, 0x000A, 0x000A, 0x000A, 0x000A, 0x000A, 0x000A, 0x000A,
    0x000A, 0x000A, 0x000A, 0x000A, 0x000A, 0x000A, 0x000A, 0x000A, 0x000A, 0x000A, 0x000A, 0x000A, 0x000A, 0x000A, 0x000A, 0x000A,
    0x000A, 0x000A, 0x000A, 0x000A, 0x000A, 0x000A, 0x000A, 0x000A, 0x000A, 0x000A, 0x000A, 0x000A, 0x000A, 0x000A, 0x000A, 0x000A,
    0x000A, 0x000A, 0x000A, 0x000A, 0x000A, 0x000A, 0x000A, 0x000A, 0x000A, 0x000A, 0x000A, 0x000A, 0x000A, 0x000A, 0x000A, 0x000A,
    0x000A, 0x000A, 0x000A, 0x000A, 0x000A, 0x000A, 0x000A, 0x000A, 0x000A, 0x000A, 0x000A, 0x000A, 0x000A, 0x000A, 0x000A, 0x000A,
    0x000A, 0x000A, 0x000A, 0x000A, 0x000A, 0x000A, 0x000A, 0x000A, 0x000A, 0x000A, 0x000A, 0x000A, 0x000A, 0x000A, 0x000A, 0x000A,
    0x000A, 0x000A, 0x000A, 0x000A, 0x000A, 0x000A, 0x000A, 0x000A, 0x000A, 0x000A, 0x000A, 0x000A, 0x000A, 0x000A, 0x000A, 0x000A,
    0x000A, 0x000A, 0x000A, 0x000A, 0x000A, 0x000A, 0x000A, 0x000A, 0x000A, 0x000A, 0x000A, 0x000A, 0x000A, 0x000A, 0x000A, 0x000A,
    0x000A, 0x000A, 0x000A, 0x000A, 0x000A, 0x000A, 0x000A, 0x000A, 0x000A, 0x000A, 0x000A, 0x000A, 0x000A, 0x000A, 0x000A, 0x000A,
    0x000A, 0x000A, 0x000A, 0x000A, 0x000A, 0x000A, 0x000A, 0x000A, 0x000A, 0x000A, 0x000A, 0x000A, 0x000A, 0x000A, 0x000A, 0x000A,
    0x000A, 0x000A, 0x000A, 0x000A, 0x000A, 0x000A, 0x000A, 0x000A, 0x000A, 0x000A, 0x000A, 0x000A, 0x000A, 0x000A, 0x000A, 0x000A,
    0x000A, 0x000A, 0x000A, 0x000A, 0x000A, 0x000A, 0x000A, 0x000A, 0x000A, 0x000A, 0x000A, 0x000A, 0x000A, 0x000A, 0x000A, 0x000A,
    0x000A, 0x000A, 0x000A, 0x000A, 0x000A, 0x000A, 0x000A, 0x000A, 0x000A, 0x000A, 0x000A, 0x000A, 0x000A, 0x000A, 0x000A, 0x000A,
    0x000A, 0x000A, 0x000A, 0x000A, 0x000A, 0x000A, 0x000A, 0x000A, 0x000A, 0x000A, 0x000A, 0x000A, 0x000A, 0x000A, 0x000A, 0x000A,
    0x000A, 0x000A, 0x000A, 0x000A, 0x000A, 0x000A, 0x000A, 0x000A, 0x000A, 0x000A, 0x000A, 0x000A, 0x000A, 0x000A, 0x000A, 0x000A,
    0x000A, 0x000A, 0x000A, 0x000A, 0x000A, 0x000A, 0x000A, 0x000A, 0x000A, 0x000A, 0x000A, 0x000A, 0x000A, 0x000A, 0x000A, 0x000A,
    0x000A, 0x000A, 0x000A, 0x000A, 0x000A, 0x000A, 0x000A, 0x000A, 0x000A, 0x000A, 0x000A, 0x000A, 0x000A, 0x000A, 0x000A, 0x000A,
    0x000A, 0x000A, 0x000A, 0x000A, 0x000A, 0x000A, 0x000A, 0x000A, 0x000A, 0x000A, 0x000A, 0x000A, 0x000A, 0x000A, 0x000A, 0x000A,
    0x000A, 0x000A, 0x000A, 0x000A, 0x000A, 0x000A, 0x000A, 0x000A, 0x000A, 0x000A, 0x000A, 0x000A, 0x000A, 0x000A, 0x000A, 0x000A,
    0x000A, 0x000A, 0x000A, 0x000A, 0x000A, 0x000A, 0x000A, 0x000A, 0x000A, 0x000A, 0x000A, 0x000A, 0x000A, 0x000A, 0x000A, 0x000A,
    0x000A, 0x000A, 0x000A, 0x000A, 0x000A, 0x000A, 0x000A, 0x000A, 0x000A, 0x000A, 0x000A, 0x000A, 0x000A, 0x000A, 0x000A, 0x000A,
    0x000A, 0x000A, 0x000A, 0x000A, 0x000A, 0x000A, 0x000A, 0x000A, 0x000A, 0x000A, 0x000A, 0x000A, 0x000A, 0x000A, 0x000A, 0x000A,
    0x000A, 0x000A, 0x000A, 0x000A, 0x000A, 0x000A, 0x000A, 0x000A, 0x000A, 0x000A, 0x000A, 0x000A, 0x000A, 0x000A, 0x000A, 0x000A,
    0x000A, 0x000A, 0x000A, 0x000A, 0x000A, 0x000A, 0x000A, 0x000A, 0x000A, 0x000A, 0x000A, 0x000A, 0x000A, 0x000A, 0x000A, 0x000A,
    0x000A, 0x000A, 0x000A, 0x000A, 0x000A, 0x000A, 0x000A, 0x000A, 0x000A, 0x000A, 0x000A, 0x000A, 0x000A, 0x000A, 0x000A, 0x000A,
    0x000A, 0x000A, 0x000A, 0x000A, 0x000A, 0x000A, 0x000A, 0x000A, 0x000A, 0x000A, 0x000A, 0x000A, 0x000A, 0x000A, 0x000A, 0x000A,
    0x000A, 0x000A, 0x000A, 0x000A, 0x000A, 0x000A, 0x000A, 0x000A, 0x000A, 0x000A, 0x000A, 0x000A, 0x000A, 0x000A, 0x000A, 0x000A,
    0x000A, 0x000A, 0x000A, 0x000A, 0x000A, 0x000A, 0x000A, 0x000A, 0x000A, 0x000A, 0x000A, 0x000A, 0x000A, 0x000A, 0x000A, 0x000A,
    0x000A, 0x000A, 0x000A, 0x000A, 0x000A, 0x000A, 0x000A, 0x000A, 0x000A, 0x000A, 0x000A, 0x000A, 0x000A, 0x000A, 0x000A, 0x000A,
    0x000A, 0x000A, 0x000A, 0x000A, 0x000A, 0x000A, 0x000A, 0x000A, 0x000A, 0x000A, 0x000A, 0x000A, 0x000A, 0x000A, 0x000A, 0x000A,
    0x000A, 0x000A, 0x000A, 0x000A, 0x000A, 0x000A, 0x000A, 0x000A, 0x000A, 0x000A, 0x000A, 0x000A, 0x000A, 0x000A, 0x000A, 0x000A,
    0x000A, 0x000A, 0x000A, 0x000A, 0x000A, 0x000A, 0x000A, 0x000A, 0x000A, 0x000A, 0x000A, 0x000A, 0x000A, 0x000A, 0x000A, 0x000A,
    0x000A, 0x000A, 0x000A, 0x000A, 0x000A, 0x000A, 0x000A, 0x000A, 0x000A, 0x000A, 0x000A, 0x000A, 0x000A, 0x000A, 0x000A, 0x000A,
    0x000A, 0x000A, 0x000A, 0x000A, 0x000A, 0x000A, 0x000A, 0x000A, 0x000A, 0x000A, 0x000A, 0x000A, 0x000A, 0x000A, 0x000A, 0x000A,
    0x000A, 0x000A, 0x000A, 0x000A, 0x000A, 0x000A, 0x000A, 0x000A, 0x000A, 0x000A, 0x000A, 0x000A, 0x000A, 0x000A, 0x000A, 0x000A,
    0x000A, 0x000A, 0x000A, 0x000A, 0x000A, 0x000A, 0x000A, 0x000A, 0x000A, 0x000A, 0x000A, 0x000A, 0x000A, 0x000A, 0x000A, 0x000A,
    0x000A, 0x000A, 0x000A, 0x000A, 0x000A, 0x000A, 0x000A, 0x000A, 0x000A, 0x000A, 0x000A, 0x000A, 0x000A, 0x000A, 0x000A, 0x000A,
    0x000A, 0x000A, 0x000A, 0x000A, 0x000A, 0x000A, 0x000A, 0x000A, 0x000A, 0x000A, 0x000A, 0x000A, 0x000A, 0x000A, 0x000A, 0x000A,
    0x000A, 0x000A, 0x000A, 0x000A, 0x000A, 0x000A, 0x000A, 0x000A, 0x000A, 0x000A, 0x000A, 0x000A, 0x000A, 0x000A, 0x000A, 0x000A,
    0x000A, 0x000A, 0x000A, 0x000A, 0x000A, 0x000A, 0x000A, 0x000A, 0x000A, 0x000A, 0x000A, 0x000A, 0x000A, 0x000A, 0x000A, 0x000A,
    0x000B, 0x000B, 0x000B, 0x000B, 0x000B, 0x000B, 0x000B, 0x000B, 0x000B, 0x000B, 0x000B, 0x000B, 0x000B, 0x000B, 0x000B, 0x000B,
    0x000B, 0x000B, 0x000B, 0x000B, 0x000B, 0x000B, 0x000B, 0x000B, 0x000B, 0x000B, 0x000B, 0x000B, 0x000B, 0x000B, 0x000B, 0x000B,
    0x000B, 0x000B, 0x000B, 0x000B, 0x000B, 0x000B, 0x000B, 0x000B, 0x000B, 0x000B, 0x000B, 0x000B, 0x000B, 0x000B, 0x000B, 0x000B,
    0x000B, 0x000B, 0x000B, 0x000B, 0x000B, 0x000B, 0x000B, 0x000B, 0x000B, 0x000B, 0x000B, 0x000B, 0x000B, 0x000B, 0x000B, 0x000B,
    0x000B, 0x000B, 0x000B, 0x000B, 0x000B, 0x000B, 0x000B, 0x000B, 0x000B, 0x000B, 0x000B, 0x000B, 0x000B, 0x000B, 0x000B, 0x000B,
    0x000B, 0x000B, 0x000B, 0x000B, 0x000B, 0x000B, 0x000B, 0x000B, 0x000B, 0x000B, 0x000B, 0x000B, 0x000B, 0x000B, 0x000B, 0x000B,
    0x000B, 0x000B, 0x000B, 0x000B, 0x000B, 0x000B, 0x000B, 0x000B, 0x000B, 0x000B, 0x000B, 0x000B, 0x000B, 0x000B, 0x000B, 0x000B,
    0x000B, 0x000B, 0x000B, 0x000B, 0x000B, 0x000B, 0x000B, 0x000B, 0x000B, 0x000B, 0x000B, 0x000B, 0x000B, 0x000B, 0x000B, 0x000B,
    0x000B, 0x000B, 0x000B, 0x000B, 0x000B, 0x000B, 0x000B, 0x000B, 0x000B, 0x000B, 0x000B, 0x000B, 0x000B, 0x000B, 0x000B, 0x000B,
    0x000B, 0x000B, 0x000B, 0x000B, 0x000B, 0x000B, 0x000B, 0x000B, 0x000B, 0x000B, 0x000B, 0x000B, 0x000B, 0x000B, 0x000B, 0x000B,
    0x000B, 0x000B, 0x000B, 0x000B, 0x000B, 0x000B, 0x000B, 0x000B, 0x000B, 0x000B, 0x000B, 0x000B, 0x000B, 0x000B, 0x000B, 0x000B,
    0x000B, 0x000B, 0x000B, 0x000B, 0x000B, 0x000B, 0x000B, 0x000B, 0x000B, 0x000B, 0x000B, 0x000B, 0x000B, 0x000B, 0x000B, 0x000B,
    0x000B, 0x000B, 0x000B, 0x000B, 0x000B, 0x000B, 0x000B, 0x000B, 0x000B, 0x000B, 0x000B, 0x000B, 0x000B, 0x000B, 0x000B, 0x000B,
    0x000B, 0x000B, 0x000B, 0x000B, 0x000B, 0x000B, 0x000B, 0x000B, 0x000B, 0x000B, 0x000B, 0x000B, 0x000B, 0x000B, 0x000B, 0x000B,
    0x000B, 0x000B, 0x000B, 0x000B, 0x000B, 0x000B, 0x000B, 0x000B, 0x000B, 0x000B, 0x000B, 0x000B, 0x000B, 0x000B, 0x000B, 0x000B,
    0x000B, 0x000B, 0x000B, 0x000B, 0x000B, 0x000B, 0x000B, 0x000B, 0x000B, 0x000B, 0x000B, 0x000B, 0x000B, 0x000B, 0x000B, 0x000B,
    0x000B, 0x000B, 0x000B, 0x000B, 0x000B, 0x000B, 0x000B, 0x000B, 0x000B, 0x000B, 0x000B, 0x000B, 0x000B, 0x000B, 0x000B, 0x000B,
    0x000B, 0x000B, 0x000B, 0x000B, 0x000B, 0x000B, 0x000B, 0x000B, 0x000B, 0x000B, 0x000B, 0x000B, 0x000B, 0x000B, 0x000B, 0x000B,
    0x000B, 0x000B, 0x000B, 0x000B, 0x000B, 0x000B, 0x000B, 0x000B, 0x000B, 0x000B, 0x000B, 0x000B, 0x000B, 0x000B, 0x000B, 0x000B,
    0x000B, 0x000B, 0x000B, 0x000B, 0x000B, 0x000B, 0x000B, 0x000B, 0x000B, 0x000B, 0x000B, 0x000B, 0x000B, 0x000B, 0x000B, 0x000B,
    0x000B, 0x000B, 0x000B, 0x000B, 0x000B, 0x000B, 0x000B, 0x000B, 0x000B, 0x000B, 0x000B, 0x000B, 0x000B, 0x000B, 0x000B, 0x000B,
    0x000B, 0x000B, 0x000B, 0x000B, 0x000B, 0x000B, 0x000B, 0x000B, 0x000B, 0x000B, 0x000B, 0x000B, 0x000B, 0x000B, 0x000B, 0x000B,
    0x000B, 0x000B, 0x000B, 0x000B, 0x000B, 0x000B, 0x000B, 0x000B, 0x000B, 0x000B, 0x000B, 0x000B, 0x000B, 0x000B, 0x000B, 0x000B,
    0x000B, 0x000B, 0x000B, 0x000B, 0x000B, 0x000B, 0x000B, 0x000B, 0x000B, 0x000B, 0x000B, 0x000B, 0x000B, 0x000B, 0x000B, 0x000B,
    0x000B, 0x000B, 0x000B, 0x000B, 0x000B, 0x000B, 0x000B, 0x000B, 0x000B, 0x000B, 0x000B, 0x000B, 0x000B, 0x000B, 0x000B, 0x000B,
    0x000B, 0x000B, 0x000B, 0x000B, 0x000B, 0x000B, 0x000B, 0x000B, 0x000B, 0x000B, 0x000B, 0x000B, 0x000B, 0x000B, 0x000B, 0x000B,
    0x000B, 0x000B, 0x000B, 0x000B, 0x000B, 0x000B, 0x000B, 0x000B, 0x000B, 0x000B, 0x000B, 0x000B, 0x000B, 0x000B, 0x000B, 0x000B,
    0x000B, 0x000B, 0x000B, 0x000B, 0x000B, 0x000B, 0x000B, 0x000B, 0x000B, 0x000B, 0x000B, 0x000B, 0x000B, 0x000B, 0x000B, 0x000B,
    0x000B, 0x000B, 0x000B, 0x000B, 0x000B, 0x000B, 0x000B, 0x000B, 0x000B, 0x000B, 0x000B, 0x000B, 0x000B, 0x000B, 0x000B, 0x000B,
    0x000B, 0x000B, 0x000B, 0x000B, 0x000B, 0x000B, 0x000B, 0x000B, 0x000B, 0x000B, 0x000B, 0x000B, 0x000B, 0x000B, 0x000B, 0x000B,
    0x000B, 0x000B, 0x000B, 0x000B, 0x000B, 0x000B, 0x000B, 0x000B, 0x000B, 0x000B, 0x000B, 0x000B, 0x000B, 0x000B, 0x000B, 0x000B,
    0x000B, 0x000B, 0x000B, 0x000B, 0x000B, 0x000B, 0x000B, 0x000B, 0x000B, 0x000B, 0x000B, 0x000B, 0x000B, 0x000B, 0x000B, 0x000B,
    0x000B, 0x000B, 0x000B, 0x000B, 0x000B, 0x000B, 0x000B, 0x000B, 0x000B, 0x000B, 0x000B, 0x000B, 0x000B, 0x000B, 0x000B, 0x000B,
    0x000B, 0x000B, 0x000B, 0x000B, 0x000B, 0x000B, 0x000B, 0x000B, 0x000B, 0x000B, 0x000B, 0x000B, 0x000B, 0x000B, 0x000B, 0x000B,
    0x000B, 0x000B, 0x000B, 0x000B, 0x000B, 0x000B, 0x000B, 0x000B, 0x000B, 0x000B, 0x000B, 0x000B, 0x000B, 0x000B, 0x000B, 0x000B,
    0x000B, 0x000B, 0x000B, 0x000B, 0x000B, 0x000B, 0x000B, 0x000B, 0x000B, 0x000B, 0x000B, 0x000B, 0x000B, 0x000B, 0x000B, 0x000B,
    0x000B, 0x000B, 0x000B, 0x000B, 0x000B, 0x000B, 0x000B, 0x000B, 0x000B, 0x000B, 0x000B, 0x000B, 0x000B, 0x000B, 0x000B, 0x000B,
    0x000B, 0x000B, 0x000B, 0x000B, 0x000B, 0x000B, 0x000B, 0x000B, 0x000B, 0x000B, 0x000B, 0x000B, 0x000B, 0x000B, 0x000B, 0x000B,
    0x000B, 0x000B, 0x000B, 0x000B, 0x000B, 0x000B, 0x000B, 0x000B, 0x000B, 0x000B, 0x000B, 0x000B, 0x000B, 0x000B, 0x000B, 0x000B,
    0x000B, 0x000B, 0x000B, 0x000B, 0x000B, 0x000B, 0x000B, 0x000B, 0x000B, 0x000B, 0x000B, 0x000B, 0x000B, 0x000B, 0x000B, 0x000B,
    0x000C, 0x000C, 0x000C, 0x000C, 0x000C, 0x000C, 0x000C, 0x000C, 0x000C, 0x000C, 0x000C, 0x000C, 0x000C, 0x000C, 0x000C, 0x000C,
    0x000C, 0x000C, 0x000C, 0x000C, 0x000C, 0x000C, 0x000C, 0x000C, 0x000C, 0x000C, 0x000C, 0x000C, 0x000C, 0x000C, 0x000C, 0x000C,
    0x000C, 0x000C, 0x000C, 0x000C, 0x000C, 0x000C, 0x000C, 0x000C, 0x000C, 0x000C, 0x000C, 0x000C, 0x000C, 0x000C, 0x000C, 0x000C,
    0x000C, 0x000C, 0x000C, 0x000C, 0x000C, 0x000C, 0x000C, 0x000C, 0x000C, 0x000C, 0x000C, 0x000C, 0x000C, 0x000C, 0x000C, 0x000C,
    0x000C, 0x000C, 0x000C, 0x000C, 0x000C, 0x000C, 0x000C, 0x000C, 0x000C, 0x000C, 0x000C, 0x000C, 0x000C, 0x000C, 0x000C, 0x000C,
    0x000C, 0x000C, 0x000C, 0x000C, 0x000C, 0x000C, 0x000C, 0x000C, 0x000C, 0x000C, 0x000C, 0x000C, 0x000C, 0x000C, 0x000C, 0x000C,
    0x000C, 0x000C, 0x000C, 0x000C, 0x000C, 0x000C, 0x000C, 0x000C, 0x000C, 0x000C, 0x000C, 0x000C, 0x000C, 0x000C, 0x000C, 0x000C,
    0x000C, 0x000C, 0x000C, 0x000C, 0x000C, 0x000C, 0x000C, 0x000C, 0x000C, 0x000C, 0x000C, 0x000C, 0x000C, 0x000C, 0x000C, 0x000C,
    0x000C, 0x000C, 0x000C, 0x000C, 0x000C, 0x000C, 0x000C, 0x000C, 0x000C, 0x000C, 0x000C, 0x000C, 0x000C, 0x000C, 0x000C, 0x000C,
    0x000C, 0x000C, 0x000C, 0x000C, 0x000C, 0x000C, 0x000C, 0x000C, 0x000C, 0x000C, 0x000C, 0x000C, 0x000C, 0x000C, 0x000C, 0x000C,
    0x000C, 0x000C, 0x000C, 0x000C, 0x000C, 0x000C, 0x000C, 0x000C, 0x000C, 0x000C, 0x000C, 0x000C, 0x000C, 0x000C, 0x000C, 0x000C,
    0x000C, 0x000C, 0x000C, 0x000C, 0x000C, 0x000C, 0x000C, 0x000C, 0x000C, 0x000C, 0x000C, 0x000C, 0x000C, 0x000C, 0x000C, 0x000C,
    0x000C, 0x000C, 0x000C, 0x000C, 0x000C, 0x000C, 0x000C, 0x000C, 0x000C, 0x000C, 0x000C, 0x000C, 0x000C, 0x000C, 0x000C, 0x000C,
    0x000C, 0x000C, 0x000C, 0x000C, 0x000C, 0x000C, 0x000C, 0x000C, 0x000C, 0x000C, 0x000C, 0x000C, 0x000C, 0x000C, 0x000C, 0x000C,
    0x000C, 0x000C, 0x000C, 0x000C, 0x000C, 0x000C, 0x000C, 0x000C, 0x000C, 0x000C, 0x000C, 0x000C, 0x000C, 0x000C, 0x000C, 0x000C,
    0x000C, 0x000C, 0x000C, 0x000C, 0x000C, 0x000C, 0x000C, 0x000C, 0x000C, 0x000C, 0x000C, 0x000C, 0x000C, 0x000C, 0x000C, 0x000C,
    0x000C, 0x000C, 0x000C, 0x000C, 0x000C, 0x000C, 0x000C, 0x000C, 0x000C, 0x000C, 0x000C, 0x000C, 0x000C, 0x000C, 0x000C, 0x000C,
    0x000C, 0x000C, 0x000C, 0x000C, 0x000C, 0x000C, 0x000C, 0x000C, 0x000C, 0x000C, 0x000C, 0x000C, 0x000C, 0x000C, 0x000C, 0x000C,
    0x000C, 0x000C, 0x000C, 0x000C, 0x000C, 0x000C, 0x000C, 0x000C, 0x000C, 0x000C, 0x000C, 0x000C, 0x000C, 0x000C, 0x000C, 0x000C,
    0x000C, 0x000C, 0x000C, 0x000C, 0x000C, 0x000C, 0x000C, 0x000C, 0x000C, 0x000C, 0x000C, 0x000C, 0x000C, 0x000C, 0x000C, 0x000C,
    0x000C, 0x000C, 0x000C, 0x000C, 0x000C, 0x000C, 0x000C, 0x000C, 0x000C, 0x000C, 0x000C, 0x000C, 0x000C, 0x000C, 0x000C, 0x000C,
    0x000C, 0x000C, 0x000C, 0x000C, 0x000C, 0x000C, 0x000C, 0x000C, 0x000C, 0x000C, 0x000C, 0x000C, 0x000C, 0x000C, 0x000C, 0x000C,
    0x000C, 0x000C, 0x000C, 0x000C, 0x000C, 0x000C, 0x000C, 0x000C, 0x000C, 0x000C, 0x000C, 0x000C, 0x000C, 0x000C, 0x000C, 0x000C,
    0x000C, 0x000C, 0x000C, 0x000C, 0x000C, 0x000C, 0x000C, 0x000C, 0x000C, 0x000C, 0x000C, 0x000C, 0x000C, 0x000C, 0x000C, 0x000C,
    0x000C, 0x000C, 0x000C, 0x000C, 0x000C, 0x000C, 0x000C, 0x000C, 0x000C, 0x000C, 0x000C, 0x000C, 0x000C, 0x000C, 0x000C, 0x000C,
    0x000C, 0x000C, 0x000C, 0x000C, 0x000C, 0x000C, 0x000C, 0x000C, 0x000C, 0x000C, 0x000C, 0x000C, 0x000C, 0x000C, 0x000C, 0x000C,
    0x000C, 0x000C, 0x000C, 0x000C, 0x000C, 0x000C, 0x000C, 0x000C, 0x000C, 0x000C, 0x000C, 0x000C, 0x000C, 0x000C, 0x000C, 0x000C,
    0x000C, 0x000C, 0x000C, 0x000C, 0x000C, 0x000C, 0x000C, 0x000C, 0x000C, 0x000C, 0x000C, 0x000C, 0x000C, 0x000C, 0x000C, 0x000C,
    0x000C, 0x000C, 0x000C, 0x000C, 0x000C, 0x000C, 0x000C, 0x000C, 0x000C, 0x000C, 0x000C, 0x000C, 0x000C, 0x000C, 0x000C, 0x000C,
    0x000C, 0x000C, 0x000C, 0x000C, 0x000C, 0x000C, 0x000C, 0x000C, 0x000C, 0x000C, 0x000C, 0x000C, 0x000C, 0x000C, 0x000C, 0x000C,
    0x000C, 0x000C, 0x000C, 0x000C, 0x000C, 0x000C, 0x000C, 0x000C, 0x000C, 0x000C, 0x000C, 0x000C, 0x000C, 0x000C, 0x000C, 0x000C,
    0x000C, 0x000C, 0x000C, 0x000C, 0x000C, 0x000C, 0x000C, 0x000C, 0x000C, 0x000C, 0x000C, 0x000C, 0x000C, 0x000C, 0x000C, 0x000C,
    0x000C, 0x000C, 0x000C, 0x000C, 0x000C, 0x000C, 0x000C, 0x000C, 0x000C, 0x000C, 0x000C, 0x000C, 0x000C, 0x000C, 0x000C, 0x000C,
    0x000C, 0x000C, 0x000C, 0x000C, 0x000C, 0x000C, 0x000C, 0x000C, 0x000C, 0x000C, 0x000C, 0x000C, 0x000C, 0x000C, 0x000C, 0x000C,
    0x000C, 0x000C, 0x000C, 0x000C, 0x000C, 0x000C, 0x000C, 0x000C, 0x000C, 0x000C, 0x000C, 0x000C, 0x000C, 0x000C, 0x000C, 0x000C,
    0x000C, 0x000C, 0x000C, 0x000C, 0x000C, 0x000C, 0x000C, 0x000C, 0x000C, 0x000C, 0x000C, 0x000C, 0x000C, 0x000C, 0x000C, 0x000C,
    0x000C, 0x000C, 0x000C, 0x000C, 0x000C, 0x000C, 0x000C, 0x000C, 0x000C, 0x000C, 0x000C, 0x000C, 0x000C, 0x000C, 0x000C, 0x000C,
    0x000C, 0x000C, 0x000C, 0x000C, 0x000C, 0x000C, 0x000C, 0x000C, 0x000C, 0x000C, 0x000C, 0x000C, 0x000C, 0x000C, 0x000C, 0x000C,
    0x000C, 0x000C, 0x000C, 0x000C, 0x000C, 0x000C, 0x000C, 0x000C, 0x000C, 0x000C, 0x000C, 0x000C, 0x000C, 0x000C, 0x000C, 0x000C,
    0x000C, 0x000C, 0x000C, 0x000C, 0x000C, 0x000C, 0x000C, 0x000C, 0x000C, 0x000C, 0x000C, 0x000C, 0x000C, 0x000C, 0x000C, 0x000C,
    0x000D, 0x000D, 0x000D, 0x000D, 0x000D, 0x000D, 0x000D, 0x000D, 0x000D, 0x000D, 0x000D, 0x000D, 0x000D, 0x000D, 0x000D, 0x000D,
    0x000D, 0x000D, 0x000D, 0x000D, 0x000D, 0x000D, 0x000D, 0x000D, 0x000D, 0x000D, 0x000D, 0x000D, 0x000D, 0x000D, 0x000D, 0x000D,
    0x000D, 0x000D, 0x000D, 0x000D, 0x000D, 0x000D, 0x000D, 0x000D, 0x000D, 0x000D, 0x000D, 0x000D, 0x000D, 0x000D, 0x000D, 0x000D,
    0x000D, 0x000D, 0x000D, 0x000D, 0x000D, 0x000D, 0x000D, 0x000D, 0x000D, 0x000D, 0x000D, 0x000D, 0x000D, 0x000D, 0x000D, 0x000D,
    0x000D, 0x000D, 0x000D, 0x000D, 0x000D, 0x000D, 0x000D, 0x000D, 0x000D, 0x000D, 0x000D, 0x000D, 0x000D, 0x000D, 0x000D, 0x000D,
    0x000D, 0x000D, 0x000D, 0x000D, 0x000D, 0x000D, 0x000D, 0x000D, 0x000D, 0x000D, 0x000D, 0x000D, 0x000D, 0x000D, 0x000D, 0x000D,
    0x000D, 0x000D, 0x000D, 0x000D, 0x000D, 0x000D, 0x000D, 0x000D, 0x000D, 0x000D, 0x000D, 0x000D, 0x000D, 0x000D, 0x000D, 0x000D,
    0x000D, 0x000D, 0x000D, 0x000D, 0x000D, 0x000D, 0x000D, 0x000D, 0x000D, 0x000D, 0x000D, 0x000D, 0x000D, 0x000D, 0x000D, 0x000D,
    0x000D, 0x000D, 0x000D, 0x000D, 0x000D, 0x000D, 0x000D, 0x000D, 0x000D, 0x000D, 0x000D, 0x000D, 0x000D, 0x000D, 0x000D, 0x000D,
    0x000D, 0x000D, 0x000D, 0x000D, 0x000D, 0x000D, 0x000D, 0x000D, 0x000D, 0x000D, 0x000D, 0x000D, 0x000D, 0x000D, 0x000D, 0x000D,
    0x000D, 0x000D, 0x000D, 0x000D, 0x000D, 0x000D, 0x000D, 0x000D, 0x000D, 0x000D, 0x000D, 0x000D, 0x000D, 0x000D, 0x000D, 0x000D,
    0x000D, 0x000D, 0x000D, 0x000D, 0x000D, 0x000D, 0x000D, 0x000D, 0x000D, 0x000D, 0x000D, 0x000D, 0x000D, 0x000D, 0x000D, 0x000D,
    0x000D, 0x000D, 0x000D, 0x000D, 0x000D, 0x000D, 0x000D, 0x000D, 0x000D, 0x000D, 0x000D, 0x000D, 0x000D, 0x000D, 0x000D, 0x000D,
    0x000D, 0x000D, 0x000D, 0x000D, 0x000D, 0x000D, 0x000D, 0x000D, 0x000D, 0x000D, 0x000D, 0x000D, 0x000D, 0x000D, 0x000D, 0x000D,
    0x000D, 0x000D, 0x000D, 0x000D, 0x000D, 0x000D, 0x000D, 0x000D, 0x000D, 0x000D, 0x000D, 0x000D, 0x000D, 0x000D, 0x000D, 0x000D,
    0x000D, 0x000D, 0x000D, 0x000D, 0x000D, 0x000D, 0x000D, 0x000D, 0x000D, 0x000D, 0x000D, 0x000D, 0x000D, 0x000D, 0x000D, 0x000D,
    0x000D, 0x000D, 0x000D, 0x000D, 0x000D, 0x000D, 0x000D, 0x000D, 0x000D, 0x000D, 0x000D, 0x000D, 0x000D, 0x000D, 0x000D, 0x000D,
    0x000D, 0x000D, 0x000D, 0x000D, 0x000D, 0x000D, 0x000D, 0x000D, 0x000D, 0x000D, 0x000D, 0x000D, 0x000D, 0x000D, 0x000D, 0x000D,
    0x000D, 0x000D, 0x000D, 0x000D, 0x000D, 0x000D, 0x000D, 0x000D, 0x000D, 0x000D, 0x000D, 0x000D, 0x000D, 0x000D, 0x000D, 0x000D,
    0x000D, 0x000D, 0x000D, 0x000D, 0x000D, 0x000D, 0x000D, 0x000D, 0x000D, 0x000D, 0x000D, 0x000D, 0x000D, 0x000D, 0x000D, 0x000D,
    0x000D, 0x000D, 0x000D, 0x000D, 0x000D, 0x000D, 0x000D, 0x000D, 0x000D, 0x000D, 0x000D, 0x000D, 0x000D, 0x000D, 0x000D, 0x000D,
    0x000D, 0x000D, 0x000D, 0x000D, 0x000D, 0x000D, 0x000D, 0x000D, 0x000D, 0x000D, 0x000D, 0x000D, 0x000D, 0x000D, 0x000D, 0x000D,
    0x000D, 0x000D, 0x000D, 0x000D, 0x000D, 0x000D, 0x000D, 0x000D, 0x000D, 0x000D, 0x000D, 0x000D, 0x000D, 0x000D, 0x000D, 0x000D,
    0x000D, 0x000D, 0x000D, 0x000D, 0x000D, 0x000D, 0x000D, 0x000D, 0x000D, 0x000D, 0x000D, 0x000D, 0x000D, 0x000D, 0x000D, 0x000D,
    0x000D, 0x000D, 0x000D, 0x000D, 0x000D, 0x000D, 0x000D, 0x000D, 0x000D, 0x000D, 0x000D, 0x000D, 0x000D, 0x000D, 0x000D, 0x000D,
    0x000D, 0x000D, 0x000D, 0x000D, 0x000D, 0x000D, 0x000D, 0x000D, 0x000D, 0x000D, 0x000D, 0x000D, 0x000D, 0x000D, 0x000D, 0x000D,
    0x000D, 0x000D, 0x000D, 0x000D, 0x000D, 0x000D, 0x000D, 0x000D, 0x000D, 0x000D, 0x000D, 0x000D, 0x000D, 0x000D, 0x000D, 0x000D,
    0x000D, 0x000D, 0x000D, 0x000D, 0x000D, 0x000D, 0x000D, 0x000D, 0x000D, 0x000D, 0x000D, 0x000D, 0x000D, 0x000D, 0x000D, 0x000D,
    0x000D, 0x000D, 0x000D, 0x000D, 0x000D, 0x000D, 0x000D, 0x000D, 0x000D, 0x000D, 0x000D, 0x000D, 0x000D, 0x000D, 0x000D, 0x000D,
    0x000D, 0x000D, 0x000D, 0x000D, 0x000D, 0x000D, 0x000D, 0x000D, 0x000D, 0x000D, 0x000D, 0x000D, 0x000D, 0x000D, 0x000D, 0x000D,
    0x000D, 0x000D, 0x000D, 0x000D, 0x000D, 0x000D, 0x000D, 0x000D, 0x000D, 0x000D, 0x000D, 0x000D, 0x000D, 0x000D, 0x000D, 0x000D,
    0x000D, 0x000D, 0x000D, 0x000D, 0x000D, 0x000D, 0x000D, 0x000D, 0x000D, 0x000D, 0x000D, 0x000D, 0x000D, 0x000D, 0x000D, 0x000D,
    0x000D, 0x000D, 0x000D, 0x000D, 0x000D, 0x000D, 0x000D, 0x000D, 0x000D, 0x000D, 0x000D, 0x000D, 0x000D, 0x000D, 0x000D, 0x000D,
    0x000D, 0x000D, 0x000D, 0x000D, 0x000D, 0x000D, 0x000D, 0x000D, 0x000D, 0x000D, 0x000D, 0x000D, 0x000D, 0x000D, 0x000D, 0x000D,
    0x000D, 0x000D, 0x000D, 0x000D, 0x000D, 0x000D, 0x000D, 0x000D, 0x000D, 0x000D, 0x000D, 0x000D, 0x000D, 0x000D, 0x000D, 0x000D,
    0x000D, 0x000D, 0x000D, 0x000D, 0x000D, 0x000D, 0x000D, 0x000D, 0x000D, 0x000D, 0x000D, 0x000D, 0x000D, 0x000D, 0x000D, 0x000D,
    0x000D, 0x000D, 0x000D, 0x000D, 0x000D, 0x000D, 0x000D, 0x000D, 0x000D, 0x000D, 0x000D, 0x000D, 0x000D, 0x000D, 0x000D, 0x000D,
    0x000D, 0x000D, 0x000D, 0x000D, 0x000D, 0x000D, 0x000D, 0x000D, 0x000D, 0x000D, 0x000D, 0x000D, 0x000D, 0x000D, 0x000D, 0x000D,
    0x000D, 0x000D, 0x000D, 0x000D, 0x000D, 0x000D, 0x000D, 0x000D, 0x000D, 0x000D, 0x000D, 0x000D, 0x000D, 0x000D, 0x000D, 0x000D,
    0x000D, 0x000D, 0x000D, 0x000D, 0x000D, 0x000D, 0x000D, 0x000D, 0x000D, 0x000D, 0x000D, 0x000D, 0x000D, 0x000D, 0x000D, 0x000D,
    0x000E, 0x000E, 0x000E, 0x000E, 0x000E, 0x000E, 0x000E, 0x000E, 0x000E, 0x000E, 0x000E, 0x000E, 0x000E, 0x000E, 0x000E, 0x000E,
    0x000E, 0x000E, 0x000E, 0x000E, 0x000E, 0x000E, 0x000E, 0x000E, 0x000E, 0x000E, 0x000E, 0x000E, 0x000E, 0x000E, 0x000E, 0x000E,
    0x000E, 0x000E, 0x000E, 0x000E, 0x000E, 0x000E, 0x000E, 0x000E, 0x000E, 0x000E, 0x000E, 0x000E, 0x000E, 0x000E, 0x000E, 0x000E,
    0x000E, 0x000E, 0x000E, 0x000E, 0x000E, 0x000E, 0x000E, 0x000E, 0x000E, 0x000E, 0x000E, 0x000E, 0x000E, 0x000E, 0x000E, 0x000E,
    0x000E, 0x000E, 0x000E, 0x000E, 0x000E, 0x000E, 0x000E, 0x000E, 0x000E, 0x000E, 0x000E, 0x000E, 0x000E, 0x000E, 0x000E, 0x000E,
    0x000E, 0x000E, 0x000E, 0x000E, 0x000E, 0x000E, 0x000E, 0x000E, 0x000E, 0x000E, 0x000E, 0x000E, 0x000E, 0x000E, 0x000E, 0x000E,
    0x000E, 0x000E, 0x000E, 0x000E, 0x000E, 0x000E, 0x000E, 0x000E, 0x000E, 0x000E, 0x000E, 0x000E, 0x000E, 0x000E, 0x000E, 0x000E,
    0x000E, 0x000E, 0x000E, 0x000E, 0x000E, 0x000E, 0x000E, 0x000E, 0x000E, 0x000E, 0x000E, 0x000E, 0x000E, 0x000E, 0x000E, 0x000E,
    0x000E, 0x000E, 0x000E, 0x000E, 0x000E, 0x000E, 0x000E, 0x000E, 0x000E, 0x000E, 0x000E, 0x000E, 0x000E, 0x000E, 0x000E, 0x000E,
    0x000E, 0x000E, 0x000E, 0x000E, 0x000E, 0x000E, 0x000E, 0x000E, 0x000E, 0x000E, 0x000E, 0x000E, 0x000E, 0x000E, 0x000E, 0x000E,
    0x000E, 0x000E, 0x000E, 0x000E, 0x000E, 0x000E, 0x000E, 0x000E, 0x000E, 0x000E, 0x000E, 0x000E, 0x000E, 0x000E, 0x000E, 0x000E,
    0x000E, 0x000E, 0x000E, 0x000E, 0x000E, 0x000E, 0x000E, 0x000E, 0x000E, 0x000E, 0x000E, 0x000E, 0x000E, 0x000E, 0x000E, 0x000E,
    0x000E, 0x000E, 0x000E, 0x000E, 0x000E, 0x000E, 0x000E, 0x000E, 0x000E, 0x000E, 0x000E, 0x000E, 0x000E, 0x000E, 0x000E, 0x000E,
    0x000E, 0x000E, 0x000E, 0x000E, 0x000E, 0x000E, 0x000E, 0x000E, 0x000E, 0x000E, 0x000E, 0x000E, 0x000E, 0x000E, 0x000E, 0x000E,
    0x000E, 0x000E, 0x000E, 0x000E, 0x000E, 0x000E, 0x000E, 0x000E, 0x000E, 0x000E, 0x000E, 0x000E, 0x000E, 0x000E, 0x000E, 0x000E,
    0x000E, 0x000E, 0x000E, 0x000E, 0x000E, 0x000E, 0x000E, 0x000E, 0x000E, 0x000E, 0x000E, 0x000E, 0x000E, 0x000E, 0x000E, 0x000E,
    0x000E, 0x000E, 0x000E, 0x000E, 0x000E, 0x000E, 0x000E, 0x000E, 0x000E, 0x000E, 0x000E, 0x000E, 0x000E, 0x000E, 0x000E, 0x000E,
    0x000E, 0x000E, 0x000E, 0x000E, 0x000E, 0x000E, 0x000E, 0x000E, 0x000E, 0x000E, 0x000E, 0x000E, 0x000E, 0x000E, 0x000E, 0x000E,
    0x000E, 0x000E, 0x000E, 0x000E, 0x000E, 0x000E, 0x000E, 0x000E, 0x000E, 0x000E, 0x000E, 0x000E, 0x000E, 0x000E, 0x000E, 0x000E,
    0x000E, 0x000E, 0x000E, 0x000E, 0x000E, 0x000E, 0x000E, 0x000E, 0x000E, 0x000E, 0x000E, 0x000E, 0x000E, 0x000E, 0x000E, 0x000E,
    0x000E, 0x000E, 0x000E, 0x000E, 0x000E, 0x000E, 0x000E, 0x000E, 0x000E, 0x000E, 0x000E, 0x000E, 0x000E, 0x000E, 0x000E, 0x000E,
    0x000E, 0x000E, 0x000E, 0x000E, 0x000E, 0x000E, 0x000E, 0x000E, 0x000E, 0x000E, 0x000E, 0x000E, 0x000E, 0x000E, 0x000E, 0x000E,
    0x000E, 0x000E, 0x000E, 0x000E, 0x000E, 0x000E, 0x000E, 0x000E, 0x000E, 0x000E, 0x000E, 0x000E, 0x000E, 0x000E, 0x000E, 0x000E,
    0x000E, 0x000E, 0x000E, 0x000E, 0x000E, 0x000E, 0x000E, 0x000E, 0x000E, 0x000E, 0x000E, 0x000E, 0x000E, 0x000E, 0x000E, 0x000E,
    0x000E, 0x000E, 0x000E, 0x000E, 0x000E, 0x000E, 0x000E, 0x000E, 0x000E, 0x000E, 0x000E, 0x000E, 0x000E, 0x000E, 0x000E, 0x000E,
    0x000E, 0x000E, 0x000E, 0x000E, 0x000E, 0x000E, 0x000E, 0x000E, 0x000E, 0x000E, 0x000E, 0x000E, 0x000E, 0x000E, 0x000E, 0x000E,
    0x000E, 0x000E, 0x000E, 0x000E, 0x000E, 0x000E, 0x000E, 0x000E, 0x000E, 0x000E, 0x000E, 0x000E, 0x000E, 0x000E, 0x000E, 0x000E,
    0x000E, 0x000E, 0x000E, 0x000E, 0x000E, 0x000E, 0x000E, 0x000E, 0x000E, 0x000E, 0x000E, 0x000E, 0x000E, 0x000E, 0x000E, 0x000E,
    0x000E, 0x000E, 0x000E, 0x000E, 0x000E, 0x000E, 0x000E, 0x000E, 0x000E, 0x000E, 0x000E, 0x000E, 0x000E, 0x000E, 0x000E, 0x000E,
    0x000E, 0x000E, 0x000E, 0x000E, 0x000E, 0x000E, 0x000E, 0x000E, 0x000E, 0x000E, 0x000E, 0x000E, 0x000E, 0x000E, 0x000E, 0x000E,
    0x000E, 0x000E, 0x000E, 0x000E, 0x000E, 0x000E, 0x000E, 0x000E, 0x000E, 0x000E, 0x000E, 0x000E, 0x000E, 0x000E, 0x000E, 0x000E,
    0x000E, 0x000E, 0x000E, 0x000E, 0x000E, 0x000E, 0x000E, 0x000E, 0x000E, 0x000E, 0x000E, 0x000E, 0x000E, 0x000E, 0x000E, 0x000E,
    0x000E, 0x000E, 0x000E, 0x000E, 0x000E, 0x000E, 0x000E, 0x000E, 0x000E, 0x000E, 0x000E, 0x000E, 0x000E, 0x000E, 0x000E, 0x000E,
    0x000E, 0x000E, 0x000E, 0x000E, 0x000E, 0x000E, 0x000E, 0x000E, 0x000E, 0x000E, 0x000E, 0x000E, 0x000E, 0x000E, 0x000E, 0x000E,
    0x000E, 0x000E, 0x000E, 0x000E, 0x000E, 0x000E, 0x000E, 0x000E, 0x000E, 0x000E, 0x000E, 0x000E, 0x000E, 0x000E, 0x000E, 0x000E,
    0x000E, 0x000E, 0x000E, 0x000E, 0x000E, 0x000E, 0x000E, 0x000E, 0x000E, 0x000E, 0x000E, 0x000E, 0x000E, 0x000E, 0x000E, 0x000E,
    0x000E, 0x000E, 0x000E, 0x000E, 0x000E, 0x000E, 0x000E, 0x000E, 0x000E, 0x000E, 0x000E, 0x000E, 0x000E, 0x000E, 0x000E, 0x000E,
    0x000E, 0x000E, 0x000E, 0x000E, 0x000E, 0x000E, 0x000E, 0x000E, 0x000E, 0x000E, 0x000E, 0x000E, 0x000E, 0x000E, 0x000E, 0x000E,
    0x000E, 0x000E, 0x000E, 0x000E, 0x000E, 0x000E, 0x000E, 0x000E, 0x000E, 0x000E, 0x000E, 0x000E, 0x000E, 0x000E, 0x000E, 0x000E,
    0x000E, 0x000E, 0x000E, 0x000E, 0x000E, 0x000E, 0x000E, 0x000E, 0x000E, 0x000E, 0x000E, 0x000E, 0x000E, 0x000E, 0x000E, 0x000E,
    0x000F, 0x000F, 0x000F, 0x000F, 0x000F, 0x000F, 0x000F, 0x000F, 0x000F, 0x000F, 0x000F, 0x000F, 0x000F, 0x000F, 0x000F, 0x000F,
    0x000F, 0x000F, 0x000F, 0x000F, 0x000F, 0x000F, 0x000F, 0x000F, 0x000F, 0x000F, 0x000F, 0x000F, 0x000F, 0x000F, 0x000F, 0x000F,
    0x000F, 0x000F, 0x000F, 0x000F, 0x000F, 0x000F, 0x000F, 0x000F, 0x000F, 0x000F, 0x000F, 0x000F, 0x000F, 0x000F, 0x000F, 0x000F,
    0x000F, 0x000F, 0x000F, 0x000F, 0x000F, 0x000F, 0x000F, 0x000F, 0x000F, 0x000F, 0x000F, 0x000F, 0x000F, 0x000F, 0x000F, 0x000F,
    0x000F, 0x000F, 0x000F, 0x000F, 0x000F, 0x000F, 0x000F, 0x000F, 0x000F, 0x000F, 0x000F, 0x000F, 0x000F, 0x000F, 0x000F, 0x000F,
    0x000F, 0x000F, 0x000F, 0x000F, 0x000F, 0x000F, 0x000F, 0x000F, 0x000F, 0x000F, 0x000F, 0x000F, 0x000F, 0x000F, 0x000F, 0x000F,
    0x000F, 0x000F, 0x000F, 0x000F, 0x000F, 0x000F, 0x000F, 0x000F, 0x000F, 0x000F, 0x000F, 0x000F, 0x000F, 0x000F, 0x000F, 0x000F,
    0x000F, 0x000F, 0x000F, 0x000F, 0x000F, 0x000F, 0x000F, 0x000F, 0x000F, 0x000F, 0x000F, 0x000F, 0x000F, 0x000F, 0x000F, 0x000F,
    0x000F, 0x000F, 0x000F, 0x000F, 0x000F, 0x000F, 0x000F, 0x000F, 0x000F, 0x000F, 0x000F, 0x000F, 0x000F, 0x000F, 0x000F, 0x000F,
    0x000F, 0x000F, 0x000F, 0x000F, 0x000F, 0x000F, 0x000F, 0x000F, 0x000F, 0x000F, 0x000F, 0x000F, 0x000F, 0x000F, 0x000F, 0x000F,
    0x000F, 0x000F, 0x000F, 0x000F, 0x000F, 0x000F, 0x000F, 0x000F, 0x000F, 0x000F, 0x000F, 0x000F, 0x000F, 0x000F, 0x000F, 0x000F,
    0x000F, 0x000F, 0x000F, 0x000F, 0x000F, 0x000F, 0x000F, 0x000F, 0x000F, 0x000F, 0x000F, 0x000F, 0x000F, 0x000F, 0x000F, 0x000F,
    0x000F, 0x000F, 0x000F, 0x000F, 0x000F, 0x000F, 0x000F, 0x000F, 0x000F, 0x000F, 0x000F, 0x000F, 0x000F, 0x000F, 0x000F, 0x000F,
    0x000F, 0x000F, 0x000F, 0x000F, 0x000F, 0x000F, 0x000F, 0x000F, 0x000F, 0x000F, 0x000F, 0x000F, 0x000F, 0x000F, 0x000F, 0x000F,
    0x000F, 0x000F, 0x000F, 0x000F, 0x000F, 0x000F, 0x000F, 0x000F, 0x000F, 0x000F, 0x000F, 0x000F, 0x000F, 0x000F, 0x000F, 0x000F,
    0x000F, 0x000F, 0x000F, 0x000F, 0x000F, 0x000F, 0x000F, 0x000F, 0x000F, 0x000F, 0x000F, 0x000F, 0x000F, 0x000F, 0x000F, 0x000F,
    0x000F, 0x000F, 0x000F, 0x000F, 0x000F, 0x000F, 0x000F, 0x000F, 0x000F, 0x000F, 0x000F, 0x000F, 0x000F, 0x000F, 0x000F, 0x000F,
    0x000F, 0x000F, 0x000F, 0x000F, 0x000F, 0x000F, 0x000F, 0x000F, 0x000F, 0x000F, 0x000F, 0x000F, 0x000F, 0x000F, 0x000F, 0x000F,
    0x000F, 0x000F, 0x000F, 0x000F, 0x000F, 0x000F, 0x000F, 0x000F, 0x000F, 0x000F, 0x000F, 0x000F, 0x000F, 0x000F, 0x000F, 0x000F,
    0x000F, 0x000F, 0x000F, 0x000F, 0x000F, 0x000F, 0x000F, 0x000F, 0x000F, 0x000F, 0x000F, 0x000F, 0x000F, 0x000F, 0x000F, 0x000F,
    0x000F, 0x000F, 0x000F, 0x000F, 0x000F, 0x000F, 0x000F, 0x000F, 0x000F, 0x000F, 0x000F, 0x000F, 0x000F, 0x000F, 0x000F, 0x000F,
    0x000F, 0x000F, 0x000F, 0x000F, 0x000F, 0x000F, 0x000F, 0x000F, 0x000F, 0x000F, 0x000F, 0x000F, 0x000F, 0x000F, 0x000F, 0x000F,
    0x000F, 0x000F, 0x000F, 0x000F, 0x000F, 0x000F, 0x000F, 0x000F, 0x000F, 0x000F, 0x000F, 0x000F, 0x000F, 0x000F, 0x000F, 0x000F,
    0x000F, 0x000F, 0x000F, 0x000F, 0x000F, 0x000F, 0x000F, 0x000F, 0x000F, 0x000F, 0x000F, 0x000F, 0x000F, 0x000F, 0x000F, 0x000F,
    0x000F, 0x000F, 0x000F, 0x000F, 0x000F, 0x000F, 0x000F, 0x000F, 0x000F, 0x000F, 0x000F, 0x000F, 0x000F, 0x000F, 0x000F, 0x000F,
    0x000F, 0x000F, 0x000F, 0x000F, 0x000F, 0x000F, 0x000F, 0x000F, 0x000F, 0x000F, 0x000F, 0x000F, 0x000F, 0x000F, 0x000F, 0x000F,
    0x000F, 0x000F, 0x000F, 0x000F, 0x000F, 0x000F, 0x000F, 0x000F, 0x000F, 0x000F, 0x000F, 0x000F, 0x000F, 0x000F, 0x000F, 0x000F,
    0x000F, 0x000F, 0x000F, 0x000F, 0x000F, 0x000F, 0x000F, 0x000F, 0x000F, 0x000F, 0x000F, 0x000F, 0x000F, 0x000F, 0x000F, 0x000F,
    0x000F, 0x000F, 0x000F, 0x000F, 0x000F, 0x000F, 0x000F, 0x000F, 0x000F, 0x000F, 0x000F, 0x000F, 0x000F, 0x000F, 0x000F, 0x000F,
    0x000F, 0x000F, 0x000F, 0x000F, 0x000F, 0x000F, 0x000F, 0x000F, 0x000F, 0x000F, 0x000F, 0x000F, 0x000F, 0x000F, 0x000F, 0x000F,
    0x000F, 0x000F, 0x000F, 0x000F, 0x000F, 0x000F, 0x000F, 0x000F, 0x000F, 0x000F, 0x000F, 0x000F, 0x000F, 0x000F, 0x000F, 0x000F,
    0x000F, 0x000F, 0x000F, 0x000F, 0x000F, 0x000F, 0x000F, 0x000F, 0x000F, 0x000F, 0x000F, 0x000F, 0x000F, 0x000F, 0x000F, 0x000F,
    0x000F, 0x000F, 0x000F, 0x000F, 0x000F, 0x000F, 0x000F, 0x000F, 0x000F, 0x000F, 0x000F, 0x000F, 0x000F, 0x000F, 0x000F, 0x000F,
    0x000F, 0x000F, 0x000F, 0x000F, 0x000F, 0x000F, 0x000F, 0x000F, 0x000F, 0x000F, 0x000F, 0x000F, 0x000F, 0x000F, 0x000F, 0x000F,
    0x000F, 0x000F, 0x000F, 0x000F, 0x000F, 0x000F, 0x000F, 0x000F, 0x000F, 0x000F, 0x000F, 0x000F, 0x000F, 0x000F, 0x000F, 0x000F,
    0x000F, 0x000F, 0x000F, 0x000F, 0x000F, 0x000F, 0x000F, 0x000F, 0x000F, 0x000F, 0x000F, 0x000F, 0x000F, 0x000F, 0x000F, 0x000F,
    0x000F, 0x000F, 0x000F, 0x000F, 0x000F, 0x000F, 0x000F, 0x000F, 0x000F, 0x000F, 0x000F, 0x000F, 0x000F, 0x000F, 0x000F, 0x000F,
    0x000F, 0x000F, 0x000F, 0x000F, 0x000F, 0x000F, 0x000F, 0x000F, 0x000F, 0x000F, 0x000F, 0x000F, 0x000F, 0x000F, 0x000F, 0x000F,
    0x000F, 0x000F, 0x000F, 0x000F, 0x000F, 0x000F, 0x000F, 0x000F, 0x000F, 0x000F, 0x000F, 0x000F, 0x000F, 0x000F, 0x000F, 0x000F,
    0x000F, 0x000F, 0x000F, 0x000F, 0x000F, 0x000F, 0x000F, 0x000F, 0x000F, 0x000F, 0x000F, 0x000F, 0x000F, 0x000F, 0x000F, 0x000F,
    0x0010, 0x0010, 0x0010, 0x0010, 0x0010, 0x0010, 0x0010, 0x0010, 0x0010, 0x0010, 0x0010, 0x0010, 0x0010, 0x0010, 0x0010, 0x0010,
    0x0010, 0x0010, 0x0010, 0x0010, 0x0010, 0x0010, 0x0010, 0x0010, 0x0010, 0x0010, 0x0010, 0x0010, 0x0010, 0x0010, 0x0010, 0x0010,
    0x0010, 0x0010, 0x0010, 0x0010, 0x0010, 0x0010, 0x0010, 0x0010, 0x0010, 0x0010, 0x0010, 0x0010, 0x0010, 0x0010, 0x0010, 0x0010,
    0x0010, 0x0010, 0x0010, 0x0010, 0x0010, 0x0010, 0x0010, 0x0010, 0x0010, 0x0010, 0x0010, 0x0010, 0x0010, 0x0010, 0x0010, 0x0010,
    0x0010, 0x0010, 0x0010, 0x0010, 0x0010, 0x0010, 0x0010, 0x0010, 0x0010, 0x0010, 0x0010, 0x0010, 0x0010, 0x0010, 0x0010, 0x0010,
    0x0010, 0x0010, 0x0010, 0x0010, 0x0010, 0x0010, 0x0010, 0x0010, 0x0010, 0x0010, 0x0010, 0x0010, 0x0010, 0x0010, 0x0010, 0x0010,
    0x0010, 0x0010, 0x0010, 0x0010, 0x0010, 0x0010, 0x0010, 0x0010, 0x0010, 0x0010, 0x0010, 0x0010, 0x0010, 0x0010, 0x0010, 0x0010,
    0x0010, 0x0010, 0x0010, 0x0010, 0x0010, 0x0010, 0x0010, 0x0010, 0x0010, 0x0010, 0x0010, 0x0010, 0x0010, 0x0010, 0x0010, 0x0010,
    0x0010, 0x0010, 0x0010, 0x0010, 0x0010, 0x0010, 0x0010, 0x0010, 0x0010, 0x0010, 0x0010, 0x0010, 0x0010, 0x0010, 0x0010, 0x0010,
    0x0010, 0x0010, 0x0010, 0x0010, 0x0010, 0x0010, 0x0010, 0x0010, 0x0010, 0x0010, 0x0010, 0x0010, 0x0010, 0x0010, 0x0010, 0x0010,
    0x0010, 0x0010, 0x0010, 0x0010, 0x0010, 0x0010, 0x0010, 0x0010, 0x0010, 0x0010, 0x0010, 0x0010, 0x0010, 0x0010, 0x0010, 0x0010,
    0x0010, 0x0010, 0x0010, 0x0010, 0x0010, 0x0010, 0x0010, 0x0010, 0x0010, 0x0010, 0x0010, 0x0010, 0x0010, 0x0010, 0x0010, 0x0010,
    0x0010, 0x0010, 0x0010, 0x0010, 0x0010, 0x0010, 0x0010, 0x0010, 0x0010, 0x0010, 0x0010, 0x0010, 0x0010, 0x0010, 0x0010, 0x0010,
    0x0010, 0x0010, 0x0010, 0x0010, 0x0010, 0x0010, 0x0010, 0x0010, 0x0010, 0x0010, 0x0010, 0x0010, 0x0010, 0x0010, 0x0010, 0x0010,
    0x0010, 0x0010, 0x0010, 0x0010, 0x0010, 0x0010, 0x0010, 0x0010, 0x0010, 0x0010, 0x0010, 0x0010, 0x0010, 0x0010, 0x0010, 0x0010,
    0x0010, 0x0010, 0x0010, 0x0010, 0x0010, 0x0010, 0x0010, 0x0010, 0x0010, 0x0010, 0x0010, 0x0010, 0x0010, 0x0010, 0x0010, 0x0010,
    0x0010, 0x0010, 0x0010, 0x0010, 0x0010, 0x0010, 0x0010, 0x0010, 0x0010, 0x0010, 0x0010, 0x0010, 0x0010, 0x0010, 0x0010, 0x0010,
    0x0010, 0x0010, 0x0010, 0x0010, 0x0010, 0x0010, 0x0010, 0x0010, 0x0010, 0x0010, 0x0010, 0x0010, 0x0010, 0x0010, 0x0010, 0x0010,
    0x0010, 0x0010, 0x0010, 0x0010, 0x0010, 0x0010, 0x0010, 0x0010, 0x0010, 0x0010, 0x0010, 0x0010, 0x0010, 0x0010, 0x0010, 0x0010,
    0x0010, 0x0010, 0x0010, 0x0010, 0x0010, 0x0010, 0x0010, 0x0010, 0x0010, 0x0010, 0x0010, 0x0010, 0x0010, 0x0010, 0x0010, 0x0010,
    0x0010, 0x0010, 0x0010, 0x0010, 0x0010, 0x0010, 0x0010, 0x0010, 0x0010, 0x0010, 0x0010, 0x0010, 0x0010, 0x0010, 0x0010, 0x0010,
    0x0010, 0x0010, 0x0010, 0x0010, 0x0010, 0x0010, 0x0010, 0x0010, 0x0010, 0x0010, 0x0010, 0x0010, 0x0010, 0x0010, 0x0010, 0x0010,
    0x0010, 0x0010, 0x0010, 0x0010, 0x0010, 0x0010, 0x0010, 0x0010, 0x0010, 0x0010, 0x0010, 0x0010, 0x0010, 0x0010, 0x0010, 0x0010,
    0x0010, 0x0010, 0x0010, 0x0010, 0x0010, 0x0010, 0x0010, 0x0010, 0x0010, 0x0010, 0x0010, 0x0010, 0x0010, 0x0010, 0x0010, 0x0010,
    0x0010, 0x0010, 0x0010, 0x0010, 0x0010, 0x0010, 0x0010, 0x0010, 0x0010, 0x0010, 0x0010, 0x0010, 0x0010, 0x0010, 0x0010, 0x0010,
    0x0010, 0x0010, 0x0010, 0x0010, 0x0010, 0x0010, 0x0010, 0x0010, 0x0010, 0x0010, 0x0010, 0x0010, 0x0010, 0x0010, 0x0010, 0x0010,
    0x0010, 0x0010, 0x0010, 0x0010, 0x0010, 0x0010, 0x0010, 0x0010, 0x0010, 0x0010, 0x0010, 0x0010, 0x0010, 0x0010, 0x0010, 0x0010,
    0x0010, 0x0010, 0x0010, 0x0010, 0x0010, 0x0010, 0x0010, 0x0010, 0x0010, 0x0010, 0x0010, 0x0010, 0x0010, 0x0010, 0x0010, 0x0010,
    0x0010, 0x0010, 0x0010, 0x0010, 0x0010, 0x0010, 0x0010, 0x0010, 0x0010, 0x0010, 0x0010, 0x0010, 0x0010, 0x0010, 0x0010, 0x0010,
    0x0010, 0x0010, 0x0010, 0x0010, 0x0010, 0x0010, 0x0010, 0x0010, 0x0010, 0x0010, 0x0010, 0x0010, 0x0010, 0x0010, 0x0010, 0x0010,
    0x0010, 0x0010, 0x0010, 0x0010, 0x0010, 0x0010, 0x0010, 0x0010, 0x0010, 0x0010, 0x0010, 0x0010, 0x0010, 0x0010, 0x0010, 0x0010,
    0x0010, 0x0010, 0x0010, 0x0010, 0x0010, 0x0010, 0x0010, 0x0010, 0x0010, 0x0010, 0x0010, 0x0010, 0x0010, 0x0010, 0x0010, 0x0010,
    0x0010, 0x0010, 0x0010, 0x0010, 0x0010, 0x0010, 0x0010, 0x0010, 0x0010, 0x0010, 0x0010, 0x0010, 0x0010, 0x0010, 0x0010, 0x0010,
    0x0010, 0x0010, 0x0010, 0x0010, 0x0010, 0x0010, 0x0010, 0x0010, 0x0010, 0x0010, 0x0010, 0x0010, 0x0010, 0x0010, 0x0010, 0x0010,
    0x0010, 0x0010, 0x0010, 0x0010, 0x0010, 0x0010, 0x0010, 0x0010, 0x0010, 0x0010, 0x0010, 0x0010, 0x0010, 0x0010, 0x0010, 0x0010,
    0x0010, 0x0010, 0x0010, 0x0010, 0x0010, 0x0010, 0x0010, 0x0010, 0x0010, 0x0010, 0x0010, 0x0010, 0x0010, 0x0010, 0x0010, 0x0010,
    0x0010, 0x0010, 0x0010, 0x0010, 0x0010, 0x0010, 0x0010, 0x0010, 0x0010, 0x0010, 0x0010, 0x0010, 0x0010, 0x0010, 0x0010, 0x0010,
    0x0010, 0x0010, 0x0010, 0x0010, 0x0010, 0x0010, 0x0010, 0x0010, 0x0010, 0x0010, 0x0010, 0x0010, 0x0010, 0x0010, 0x0010, 0x0010,
    0x0010, 0x0010, 0x0010, 0x0010, 0x0010, 0x0010, 0x0010, 0x0010, 0x0010, 0x0010, 0x0010, 0x0010, 0x0010, 0x0010, 0x0010, 0x0010,
    0x0010, 0x0010, 0x0010, 0x0010, 0x0010, 0x0010, 0x0010, 0x0010, 0x0010, 0x0010, 0x0010, 0x0010, 0x0010, 0x0010, 0x0010, 0x0010,
    0x0011, 0x0011, 0x0011, 0x0011, 0x0011, 0x0011, 0x0011, 0x0011, 0x0011, 0x0011, 0x0011, 0x0011, 0x0011, 0x0011, 0x0011, 0x0011,
    0x0011, 0x0011, 0x0011, 0x0011, 0x0011, 0x0011, 0x0011, 0x0011, 0x0011, 0x0011, 0x0011, 0x0011, 0x0011, 0x0011, 0x0011, 0x0011,
    0x0011, 0x0011, 0x0011, 0x0011, 0x0011, 0x0011, 0x0011, 0x0011, 0x0011, 0x0011, 0x0011, 0x0011, 0x0011, 0x0011, 0x0011, 0x0011,
    0x0011, 0x0011, 0x0011, 0x0011, 0x0011, 0x0011, 0x0011, 0x0011, 0x0011, 0x0011, 0x0011, 0x0011, 0x0011, 0x0011, 0x0011, 0x0011,
    0x0011, 0x0011, 0x0011, 0x0011, 0x0011, 0x0011, 0x0011, 0x0011, 0x0011, 0x0011, 0x0011, 0x0011, 0x0011, 0x0011, 0x0011, 0x0011,
    0x0011, 0x0011, 0x0011, 0x0011, 0x0011, 0x0011, 0x0011, 0x0011, 0x0011, 0x0011, 0x0011, 0x0011, 0x0011, 0x0011, 0x0011, 0x0011,
    0x0011, 0x0011, 0x0011, 0x0011, 0x0011, 0x0011, 0x0011, 0x0011, 0x0011, 0x0011, 0x0011, 0x0011, 0x0011, 0x0011, 0x0011, 0x0011,
    0x0011, 0x0011, 0x0011, 0x0011, 0x0011, 0x0011, 0x0011, 0x0011, 0x0011, 0x0011, 0x0011, 0x0011, 0x0011, 0x0011, 0x0011, 0x0011,
    0x0011, 0x0011, 0x0011, 0x0011, 0x0011, 0x0011, 0x0011, 0x0011, 0x0011, 0x0011, 0x0011, 0x0011, 0x0011, 0x0011, 0x0011, 0x0011,
    0x0011, 0x0011, 0x0011, 0x0011, 0x0011, 0x0011, 0x0011, 0x0011, 0x0011, 0x0011, 0x0011, 0x0011, 0x0011, 0x0011, 0x0011, 0x0011,
    0x0011, 0x0011, 0x0011, 0x0011, 0x0011, 0x0011, 0x0011, 0x0011, 0x0011, 0x0011, 0x0011, 0x0011, 0x0011, 0x0011, 0x0011, 0x0011,
    0x0011, 0x0011, 0x0011, 0x0011, 0x0011, 0x0011, 0x0011, 0x0011, 0x0011, 0x0011, 0x0011, 0x0011, 0x0011, 0x0011, 0x0011, 0x0011,
    0x0011, 0x0011, 0x0011, 0x0011, 0x0011, 0x0011, 0x0011, 0x0011, 0x0011, 0x0011, 0x0011, 0x0011, 0x0011, 0x0011, 0x0011, 0x0011,
    0x0011, 0x0011, 0x0011, 0x0011, 0x0011, 0x0011, 0x0011, 0x0011, 0x0011, 0x0011, 0x0011, 0x0011, 0x0011, 0x0011, 0x0011, 0x0011,
    0x0011, 0x0011, 0x0011, 0x0011, 0x0011, 0x0011, 0x0011, 0x0011, 0x0011, 0x0011, 0x0011, 0x0011, 0x0011, 0x0011, 0x0011, 0x0011,
    0x0011, 0x0011, 0x0011, 0x0011, 0x0011, 0x0011, 0x0011, 0x0011, 0x0011, 0x0011, 0x0011, 0x0011, 0x0011, 0x0011, 0x0011, 0x0011,
    0x0011, 0x0011, 0x0011, 0x0011, 0x0011, 0x0011, 0x0011, 0x0011, 0x0011, 0x0011, 0x0011, 0x0011, 0x0011, 0x0011, 0x0011, 0x0011,
    0x0011, 0x0011, 0x0011, 0x0011, 0x0011, 0x0011, 0x0011, 0x0011, 0x0011, 0x0011, 0x0011, 0x0011, 0x0011, 0x0011, 0x0011, 0x0011,
    0x0011, 0x0011, 0x0011, 0x0011, 0x0011, 0x0011, 0x0011, 0x0011, 0x0011, 0x0011, 0x0011, 0x0011, 0x0011, 0x0011, 0x0011, 0x0011,
    0x0011, 0x0011, 0x0011, 0x0011, 0x0011, 0x0011, 0x0011, 0x0011, 0x0011, 0x0011, 0x0011, 0x0011, 0x0011, 0x0011, 0x0011, 0x0011,
    0x0011, 0x0011, 0x0011, 0x0011, 0x0011, 0x0011, 0x0011, 0x0011, 0x0011, 0x0011, 0x0011, 0x0011, 0x0011, 0x0011, 0x0011, 0x0011,
    0x0011, 0x0011, 0x0011, 0x0011, 0x0011, 0x0011, 0x0011, 0x0011, 0x0011, 0x0011, 0x0011, 0x0011, 0x0011, 0x0011, 0x0011, 0x0011,
    0x0011, 0x0011, 0x0011, 0x0011, 0x0011, 0x0011, 0x0011, 0x0011, 0x0011, 0x0011, 0x0011, 0x0011, 0x0011, 0x0011, 0x0011, 0x0011,
    0x0011, 0x0011, 0x0011, 0x0011, 0x0011, 0x0011, 0x0011, 0x0011, 0x0011, 0x0011, 0x0011, 0x0011, 0x0011, 0x0011, 0x0011, 0x0011,
    0x0011, 0x0011, 0x0011, 0x0011, 0x0011, 0x0011, 0x0011, 0x0011, 0x0011, 0x0011, 0x0011, 0x0011, 0x0011, 0x0011, 0x0011, 0x0011,
    0x0011, 0x0011, 0x0011, 0x0011, 0x0011, 0x0011, 0x0011, 0x0011, 0x0011, 0x0011, 0x0011, 0x0011, 0x0011, 0x0011, 0x0011, 0x0011,
    0x0011, 0x0011, 0x0011, 0x0011, 0x0011, 0x0011, 0x0011, 0x0011, 0x0011, 0x0011, 0x0011, 0x0011, 0x0011, 0x0011, 0x0011, 0x0011,
    0x0011, 0x0011, 0x0011, 0x0011, 0x0011, 0x0011, 0x0011, 0x0011, 0x0011, 0x0011, 0x0011, 0x0011, 0x0011, 0x0011, 0x0011, 0x0011,
    0x0011, 0x0011, 0x0011, 0x0011, 0x0011, 0x0011, 0x0011, 0x0011, 0x0011, 0x0011, 0x0011, 0x0011, 0x0011, 0x0011, 0x0011, 0x0011,
    0x0011, 0x0011, 0x0011, 0x0011, 0x0011, 0x0011, 0x0011, 0x0011, 0x0011, 0x0011, 0x0011, 0x0011, 0x0011, 0x0011, 0x0011, 0x0011,
    0x0011, 0x0011, 0x0011, 0x0011, 0x0011, 0x0011, 0x0011, 0x0011, 0x0011, 0x0011, 0x0011, 0x0011, 0x0011, 0x0011, 0x0011, 0x0011,
    0x0011, 0x0011, 0x0011, 0x0011, 0x0011, 0x0011, 0x0011, 0x0011, 0x0011, 0x0011, 0x0011, 0x0011, 0x0011, 0x0011, 0x0011, 0x0011,
    0x0011, 0x0011, 0x0011, 0x0011, 0x0011, 0x0011, 0x0011, 0x0011, 0x0011, 0x0011, 0x0011, 0x0011, 0x0011, 0x0011, 0x0011, 0x0011,
    0x0011, 0x0011, 0x0011, 0x0011, 0x0011, 0x0011, 0x0011, 0x0011, 0x0011, 0x0011, 0x0011, 0x0011, 0x0011, 0x0011, 0x0011, 0x0011,
    0x0011, 0x0011, 0x0011, 0x0011, 0x0011, 0x0011, 0x0011, 0x0011, 0x0011, 0x0011, 0x0011, 0x0011, 0x0011, 0x0011, 0x0011, 0x0011,
    0x0011, 0x0011, 0x0011, 0x0011, 0x0011, 0x0011, 0x0011, 0x0011, 0x0011, 0x0011, 0x0011, 0x0011, 0x0011, 0x0011, 0x0011, 0x0011,
    0x0011, 0x0011, 0x0011, 0x0011, 0x0011, 0x0011, 0x0011, 0x0011, 0x0011, 0x0011, 0x0011, 0x0011, 0x0011, 0x0011, 0x0011, 0x0011,
    0x0011, 0x0011, 0x0011, 0x0011, 0x0011, 0x0011, 0x0011, 0x0011, 0x0011, 0x0011, 0x0011, 0x0011, 0x0011, 0x0011, 0x0011, 0x0011,
    0x0011, 0x0011, 0x0011, 0x0011, 0x0011, 0x0011, 0x0011, 0x0011, 0x0011, 0x0011, 0x0011, 0x0011, 0x0011, 0x0011, 0x0011, 0x0011,
    0x0011, 0x0011, 0x0011, 0x0011, 0x0011, 0x0011, 0x0011, 0x0011, 0x0011, 0x0011, 0x0011, 0x0011, 0x0011, 0x0011, 0x0011, 0x0011,
    0x0012, 0x0012, 0x0012, 0x0012, 0x0012, 0x0012, 0x0012, 0x0012, 0x0012, 0x0012, 0x0012, 0x0012, 0x0012, 0x0012, 0x0012, 0x0012,
    0x0012, 0x0012, 0x0012, 0x0012, 0x0012, 0x0012, 0x0012, 0x0012, 0x0012, 0x0012, 0x0012, 0x0012, 0x0012, 0x0012, 0x0012, 0x0012,
    0x0012, 0x0012, 0x0012, 0x0012, 0x0012, 0x0012, 0x0012, 0x0012, 0x0012, 0x0012, 0x0012, 0x0012, 0x0012, 0x0012, 0x0012, 0x0012,
    0x0012, 0x0012, 0x0012, 0x0012, 0x0012, 0x0012, 0x0012, 0x0012, 0x0012, 0x0012, 0x0012, 0x0012, 0x0012, 0x0012, 0x0012, 0x0012,
    0x0012, 0x0012, 0x0012, 0x0012, 0x0012, 0x0012, 0x0012, 0x0012, 0x0012, 0x0012, 0x0012, 0x0012, 0x0012, 0x0012, 0x0012, 0x0012,
    0x0012, 0x0012, 0x0012, 0x0012, 0x0012, 0x0012, 0x0012, 0x0012, 0x0012, 0x0012, 0x0012, 0x0012, 0x0012, 0x0012, 0x0012, 0x0012,
    0x0012, 0x0012, 0x0012, 0x0012, 0x0012, 0x0012, 0x0012, 0x0012, 0x0012, 0x0012, 0x0012, 0x0012, 0x0012, 0x0012, 0x0012, 0x0012,
    0x0012, 0x0012, 0x0012, 0x0012, 0x0012, 0x0012, 0x0012, 0x0012, 0x0012, 0x0012, 0x0012, 0x0012, 0x0012, 0x0012, 0x0012, 0x0012,
    0x0012, 0x0012, 0x0012, 0x0012, 0x0012, 0x0012, 0x0012, 0x0012, 0x0012, 0x0012, 0x0012, 0x0012, 0x0012, 0x0012, 0x0012, 0x0012,
    0x0012, 0x0012, 0x0012, 0x0012, 0x0012, 0x0012, 0x0012, 0x0012, 0x0012, 0x0012, 0x0012, 0x0012, 0x0012, 0x0012, 0x0012, 0x0012,
    0x0012, 0x0012, 0x0012, 0x0012, 0x0012, 0x0012, 0x0012, 0x0012, 0x0012, 0x0012, 0x0012, 0x0012, 0x0012, 0x0012, 0x0012, 0x0012,
    0x0012, 0x0012, 0x0012, 0x0012, 0x0012, 0x0012, 0x0012, 0x0012, 0x0012, 0x0012, 0x0012, 0x0012, 0x0012, 0x0012, 0x0012, 0x0012,
    0x0012, 0x0012, 0x0012, 0x0012, 0x0012, 0x0012, 0x0012, 0x0012, 0x0012, 0x0012, 0x0012, 0x0012, 0x0012, 0x0012, 0x0012, 0x0012,
    0x0012, 0x0012, 0x0012, 0x0012, 0x0012, 0x0012, 0x0012, 0x0012, 0x0012, 0x0012, 0x0012, 0x0012, 0x0012, 0x0012, 0x0012, 0x0012,
    0x0012, 0x0012, 0x0012, 0x0012, 0x0012, 0x0012, 0x0012, 0x0012, 0x0012, 0x0012, 0x0012, 0x0012, 0x0012, 0x0012, 0x0012, 0x0012,
    0x0012, 0x0012, 0x0012, 0x0012, 0x0012, 0x0012, 0x0012, 0x0012, 0x0012, 0x0012, 0x0012, 0x0012, 0x0012, 0x0012, 0x0012, 0x0012,
    0x0012, 0x0012, 0x0012, 0x0012, 0x0012, 0x0012, 0x0012, 0x0012, 0x0012, 0x0012, 0x0012, 0x0012, 0x0012, 0x0012, 0x0012, 0x0012,
    0x0012, 0x0012, 0x0012, 0x0012, 0x0012, 0x0012, 0x0012, 0x0012, 0x0012, 0x0012, 0x0012, 0x0012, 0x0012, 0x0012, 0x0012, 0x0012,
    0x0012, 0x0012, 0x0012, 0x0012, 0x0012, 0x0012, 0x0012, 0x0012, 0x0012, 0x0012, 0x0012, 0x0012, 0x0012, 0x0012, 0x0012, 0x0012,
    0x0012, 0x0012, 0x0012, 0x0012, 0x0012, 0x0012, 0x0012, 0x0012, 0x0012, 0x0012, 0x0012, 0x0012, 0x0012, 0x0012, 0x0012, 0x0012,
    0x0012, 0x0012, 0x0012, 0x0012, 0x0012, 0x0012, 0x0012, 0x0012, 0x0012, 0x0012, 0x0012, 0x0012, 0x0012, 0x0012, 0x0012, 0x0012,
    0x0012, 0x0012, 0x0012, 0x0012, 0x0012, 0x0012, 0x0012, 0x0012, 0x0012, 0x0012, 0x0012, 0x0012, 0x0012, 0x0012, 0x0012, 0x0012,
    0x0012, 0x0012, 0x0012, 0x0012, 0x0012, 0x0012, 0x0012, 0x0012, 0x0012, 0x0012, 0x0012, 0x0012, 0x0012, 0x0012, 0x0012, 0x0012,
    0x0012, 0x0012, 0x0012, 0x0012, 0x0012, 0x0012, 0x0012, 0x0012, 0x0012, 0x0012, 0x0012, 0x0012, 0x0012, 0x0012, 0x0012, 0x0012,
    0x0012, 0x0012, 0x0012, 0x0012, 0x0012, 0x0012, 0x0012, 0x0012, 0x0012, 0x0012, 0x0012, 0x0012, 0x0012, 0x0012, 0x0012, 0x0012,
    0x0012, 0x0012, 0x0012, 0x0012, 0x0012, 0x0012, 0x0012, 0x0012, 0x0012, 0x0012, 0x0012, 0x0012, 0x0012, 0x0012, 0x0012, 0x0012,
    0x0012, 0x0012, 0x0012, 0x0012, 0x0012, 0x0012, 0x0012, 0x0012, 0x0012, 0x0012, 0x0012, 0x0012, 0x0012, 0x0012, 0x0012, 0x0012,
    0x0012, 0x0012, 0x0012, 0x0012, 0x0012, 0x0012, 0x0012, 0x0012, 0x0012, 0x0012, 0x0012, 0x0012, 0x0012, 0x0012, 0x0012, 0x0012,
    0x0012, 0x0012, 0x0012, 0x0012, 0x0012, 0x0012, 0x0012, 0x0012, 0x0012, 0x0012, 0x0012, 0x0012, 0x0012, 0x0012, 0x0012, 0x0012,
    0x0012, 0x0012, 0x0012, 0x0012, 0x0012, 0x0012, 0x0012, 0x0012, 0x0012, 0x0012, 0x0012, 0x0012, 0x0012, 0x0012, 0x0012, 0x0012,
    0x0012, 0x0012, 0x0012, 0x0012, 0x0012, 0x0012, 0x0012, 0x0012, 0x0012, 0x0012, 0x0012, 0x0012, 0x0012, 0x0012, 0x0012, 0x0012,
    0x0012, 0x0012, 0x0012, 0x0012, 0x0012, 0x0012, 0x0012, 0x0012, 0x0012, 0x0012, 0x0012, 0x0012, 0x0012, 0x0012, 0x0012, 0x0012,
    0x0012, 0x0012, 0x0012, 0x0012, 0x0012, 0x0012, 0x0012, 0x0012, 0x0012, 0x0012, 0x0012, 0x0012, 0x0012, 0x0012, 0x0012, 0x0012,
    0x0012, 0x0012, 0x0012, 0x0012, 0x0012, 0x0012, 0x0012, 0x0012, 0x0012, 0x0012, 0x0012, 0x0012, 0x0012, 0x0012, 0x0012, 0x0012,
    0x0012, 0x0012, 0x0012, 0x0012, 0x0012, 0x0012, 0x0012, 0x0012, 0x0012, 0x0012, 0x0012, 0x0012, 0x0012, 0x0012, 0x0012, 0x0012,
    0x0012, 0x0012, 0x0012, 0x0012, 0x0012, 0x0012, 0x0012, 0x0012, 0x0012, 0x0012, 0x0012, 0x0012, 0x0012, 0x0012, 0x0012, 0x0012,
    0x0012, 0x0012, 0x0012, 0x0012, 0x0012, 0x0012, 0x0012, 0x0012, 0x0012, 0x0012, 0x0012, 0x0012, 0x0012, 0x0012, 0x0012, 0x0012,
    0x0012, 0x0012, 0x0012, 0x0012, 0x0012, 0x0012, 0x0012, 0x0012, 0x0012, 0x0012, 0x0012, 0x0012, 0x0012, 0x0012, 0x0012, 0x0012,
    0x0012, 0x0012, 0x0012, 0x0012, 0x0012, 0x0012, 0x0012, 0x0012, 0x0012, 0x0012, 0x0012, 0x0012, 0x0012, 0x0012, 0x0012, 0x0012,
    0x0012, 0x0012, 0x0012, 0x0012, 0x0012, 0x0012, 0x0012, 0x0012, 0x0012, 0x0012, 0x0012, 0x0012, 0x0012, 0x0012, 0x0012, 0x0012,
    0x0013, 0x0013, 0x0013, 0x0013, 0x0013, 0x0013, 0x0013, 0x0013, 0x0013, 0x0013, 0x0013, 0x0013, 0x0013, 0x0013, 0x0013, 0x0013,
    0x0013, 0x0013, 0x0013, 0x0013, 0x0013, 0x0013, 0x0013, 0x0013, 0x0013, 0x0013, 0x0013, 0x0013, 0x0013, 0x0013, 0x0013, 0x0013,
    0x0013, 0x0013, 0x0013, 0x0013, 0x0013, 0x0013, 0x0013, 0x0013, 0x0013, 0x0013, 0x0013, 0x0013, 0x0013, 0x0013, 0x0013, 0x0013,
    0x0013, 0x0013, 0x0013, 0x0013, 0x0013, 0x0013, 0x0013, 0x0013, 0x0013, 0x0013, 0x0013, 0x0013, 0x0013, 0x0013, 0x0013, 0x0013,
    0x0013, 0x0013, 0x0013, 0x0013, 0x0013, 0x0013, 0x0013, 0x0013, 0x0013, 0x0013, 0x0013, 0x0013, 0x0013, 0x0013, 0x0013, 0x0013,
    0x0013, 0x0013, 0x0013, 0x0013, 0x0013, 0x0013, 0x0013, 0x0013, 0x0013, 0x0013, 0x0013, 0x0013, 0x0013, 0x0013, 0x0013, 0x0013,
    0x0013, 0x0013, 0x0013, 0x0013, 0x0013, 0x0013, 0x0013, 0x0013, 0x0013, 0x0013, 0x0013, 0x0013, 0x0013, 0x0013, 0x0013, 0x0013,
    0x0013, 0x0013, 0x0013, 0x0013, 0x0013, 0x0013, 0x0013, 0x0013, 0x0013, 0x0013, 0x0013, 0x0013, 0x0013, 0x0013, 0x0013, 0x0013,
    0x0013, 0x0013, 0x0013, 0x0013, 0x0013, 0x0013, 0x0013, 0x0013, 0x0013, 0x0013, 0x0013, 0x0013, 0x0013, 0x0013, 0x0013, 0x0013,
    0x0013, 0x0013, 0x0013, 0x0013, 0x0013, 0x0013, 0x0013, 0x0013, 0x0013, 0x0013, 0x0013, 0x0013, 0x0013, 0x0013, 0x0013, 0x0013,
    0x0013, 0x0013, 0x0013, 0x0013, 0x0013, 0x0013, 0x0013, 0x0013, 0x0013, 0x0013, 0x0013, 0x0013, 0x0013, 0x0013, 0x0013, 0x0013,
    0x0013, 0x0013, 0x0013, 0x0013, 0x0013, 0x0013, 0x0013, 0x0013, 0x0013, 0x0013, 0x0013, 0x0013, 0x0013, 0x0013, 0x0013, 0x0013,
    0x0013, 0x0013, 0x0013, 0x0013, 0x0013, 0x0013, 0x0013, 0x0013, 0x0013, 0x0013, 0x0013, 0x0013, 0x0013, 0x0013, 0x0013, 0x0013,
    0x0013, 0x0013, 0x0013, 0x0013, 0x0013, 0x0013, 0x0013, 0x0013, 0x0013, 0x0013, 0x0013, 0x0013, 0x0013, 0x0013, 0x0013, 0x0013,
    0x0013, 0x0013, 0x0013, 0x0013, 0x0013, 0x0013, 0x0013, 0x0013, 0x0013, 0x0013, 0x0013, 0x0013, 0x0013, 0x0013, 0x0013, 0x0013,
    0x0013, 0x0013, 0x0013, 0x0013, 0x0013, 0x0013, 0x0013, 0x0013, 0x0013, 0x0013, 0x0013, 0x0013, 0x0013, 0x0013, 0x0013, 0x0013,
    0x0013, 0x0013, 0x0013, 0x0013, 0x0013, 0x0013, 0x0013, 0x0013, 0x0013, 0x0013, 0x0013, 0x0013, 0x0013, 0x0013, 0x0013, 0x0013,
    0x0013, 0x0013, 0x0013, 0x0013, 0x0013, 0x0013, 0x0013, 0x0013, 0x0013, 0x0013, 0x0013, 0x0013, 0x0013, 0x0013, 0x0013, 0x0013,
    0x0013, 0x0013, 0x0013, 0x0013, 0x0013, 0x0013, 0x0013, 0x0013, 0x0013, 0x0013, 0x0013, 0x0013, 0x0013, 0x0013, 0x0013, 0x0013,
    0x0013, 0x0013, 0x0013, 0x0013, 0x0013, 0x0013, 0x0013, 0x0013, 0x0013, 0x0013, 0x0013, 0x0013, 0x0013, 0x0013, 0x0013, 0x0013,
    0x0013, 0x0013, 0x0013, 0x0013, 0x0013, 0x0013, 0x0013, 0x0013, 0x0013, 0x0013, 0x0013, 0x0013, 0x0013, 0x0013, 0x0013, 0x0013,
    0x0013, 0x0013, 0x0013, 0x0013, 0x0013, 0x0013, 0x0013, 0x0013, 0x0013, 0x0013, 0x0013, 0x0013, 0x0013, 0x0013, 0x0013, 0x0013,
    0x0013, 0x0013, 0x0013, 0x0013, 0x0013, 0x0013, 0x0013, 0x0013, 0x0013, 0x0013, 0x0013, 0x0013, 0x0013, 0x0013, 0x0013, 0x0013,
    0x0013, 0x0013, 0x0013, 0x0013, 0x0013, 0x0013, 0x0013, 0x0013, 0x0013, 0x0013, 0x0013, 0x0013, 0x0013, 0x0013, 0x0013, 0x0013,
    0x0013, 0x0013, 0x0013, 0x0013, 0x0013, 0x0013, 0x0013, 0x0013, 0x0013, 0x0013, 0x0013, 0x0013, 0x0013, 0x0013, 0x0013, 0x0013,
    0x0013, 0x0013, 0x0013, 0x0013, 0x0013, 0x0013, 0x0013, 0x0013, 0x0013, 0x0013, 0x0013, 0x0013, 0x0013, 0x0013, 0x0013, 0x0013,
    0x0013, 0x0013, 0x0013, 0x0013, 0x0013, 0x0013, 0x0013, 0x0013, 0x0013, 0x0013, 0x0013, 0x0013, 0x0013, 0x0013, 0x0013, 0x0013,
    0x0013, 0x0013, 0x0013, 0x0013, 0x0013, 0x0013, 0x0013, 0x0013, 0x0013, 0x0013, 0x0013, 0x0013, 0x0013, 0x0013, 0x0013, 0x0013,
    0x0013, 0x0013, 0x0013, 0x0013, 0x0013, 0x0013, 0x0013, 0x0013, 0x0013, 0x0013, 0x0013, 0x0013, 0x0013, 0x0013, 0x0013, 0x0013,
    0x0013, 0x0013, 0x0013, 0x0013, 0x0013, 0x0013, 0x0013, 0x0013, 0x0013, 0x0013, 0x0013, 0x0013, 0x0013, 0x0013, 0x0013, 0x0013,
    0x0013, 0x0013, 0x0013, 0x0013, 0x0013, 0x0013, 0x0013, 0x0013, 0x0013, 0x0013, 0x0013, 0x0013, 0x0013, 0x0013, 0x0013, 0x0013,
    0x0013, 0x0013, 0x0013, 0x0013, 0x0013, 0x0013, 0x0013, 0x0013, 0x0013, 0x0013, 0x0013, 0x0013, 0x0013, 0x0013, 0x0013, 0x0013,
    0x0013, 0x0013, 0x0013, 0x0013, 0x0013, 0x0013, 0x0013, 0x0013, 0x0013, 0x0013, 0x0013, 0x0013, 0x0013, 0x0013, 0x0013, 0x0013,
    0x0013, 0x0013, 0x0013, 0x0013, 0x0013, 0x0013, 0x0013, 0x0013, 0x0013, 0x0013, 0x0013, 0x0013, 0x0013, 0x0013, 0x0013, 0x0013,
    0x0013, 0x0013, 0x0013, 0x0013, 0x0013, 0x0013, 0x0013, 0x0013, 0x0013, 0x0013, 0x0013, 0x0013, 0x0013, 0x0013, 0x0013, 0x0013,
    0x0013, 0x0013, 0x0013, 0x0013, 0x0013, 0x0013, 0x0013, 0x0013, 0x0013, 0x0013, 0x0013, 0x0013, 0x0013, 0x0013, 0x0013, 0x0013,
    0x0013, 0x0013, 0x0013, 0x0013, 0x0013, 0x0013, 0x0013, 0x0013, 0x0013, 0x0013, 0x0013, 0x0013, 0x0013, 0x0013, 0x0013, 0x0013,
    0x0013, 0x0013, 0x0013, 0x0013, 0x0013, 0x0013, 0x0013, 0x0013, 0x0013, 0x0013, 0x0013, 0x0013, 0x0013, 0x0013, 0x0013, 0x0013,
    0x0013, 0x0013, 0x0013, 0x0013, 0x0013, 0x0013, 0x0013, 0x0013, 0x0013, 0x0013, 0x0013, 0x0013, 0x0013, 0x0013, 0x0013, 0x0013,
    0x0013, 0x0013, 0x0013, 0x0013, 0x0013, 0x0013, 0x0013, 0x0013, 0x0013, 0x0013, 0x0013, 0x0013, 0x0013, 0x0013, 0x0013, 0x0013,
    0x0014, 0x0014, 0x0014, 0x0014, 0x0014, 0x0014, 0x0014, 0x0014, 0x0014, 0x0014, 0x0014, 0x0014, 0x0014, 0x0014, 0x0014, 0x0014,
    0x0014, 0x0014, 0x0014, 0x0014, 0x0014, 0x0014, 0x0014, 0x0014, 0x0014, 0x0014, 0x0014, 0x0014, 0x0014, 0x0014, 0x0014, 0x0014,
    0x0014, 0x0014, 0x0014, 0x0014, 0x0014, 0x0014, 0x0014, 0x0014, 0x0014, 0x0014, 0x0014, 0x0014, 0x0014, 0x0014, 0x0014, 0x0014,
    0x0014, 0x0014, 0x0014, 0x0014, 0x0014, 0x0014, 0x0014, 0x0014, 0x0014, 0x0014, 0x0014, 0x0014, 0x0014, 0x0014, 0x0014, 0x0014,
    0x0014, 0x0014, 0x0014, 0x0014, 0x0014, 0x0014, 0x0014, 0x0014, 0x0014, 0x0014, 0x0014, 0x0014, 0x0014, 0x0014, 0x0014, 0x0014,
    0x0014, 0x0014, 0x0014, 0x0014, 0x0014, 0x0014, 0x0014, 0x0014, 0x0014, 0x0014, 0x0014, 0x0014, 0x0014, 0x0014, 0x0014, 0x0014,
    0x0014, 0x0014, 0x0014, 0x0014, 0x0014, 0x0014, 0x0014, 0x0014, 0x0014, 0x0014, 0x0014, 0x0014, 0x0014, 0x0014, 0x0014, 0x0014,
    0x0014, 0x0014, 0x0014, 0x0014, 0x0014, 0x0014, 0x0014, 0x0014, 0x0014, 0x0014, 0x0014, 0x0014, 0x0014, 0x0014, 0x0014, 0x0014,
    0x0014, 0x0014, 0x0014, 0x0014, 0x0014, 0x0014, 0x0014, 0x0014, 0x0014, 0x0014, 0x0014, 0x0014, 0x0014, 0x0014, 0x0014, 0x0014,
    0x0014, 0x0014, 0x0014, 0x0014, 0x0014, 0x0014, 0x0014, 0x0014, 0x0014, 0x0014, 0x0014, 0x0014, 0x0014, 0x0014, 0x0014, 0x0014,
    0x0014, 0x0014, 0x0014, 0x0014, 0x0014, 0x0014, 0x0014, 0x0014, 0x0014, 0x0014, 0x0014, 0x0014, 0x0014, 0x0014, 0x0014, 0x0014,
    0x0014, 0x0014, 0x0014, 0x0014, 0x0014, 0x0014, 0x0014, 0x0014, 0x0014, 0x0014, 0x0014, 0x0014, 0x0014, 0x0014, 0x0014, 0x0014,
    0x0014, 0x0014, 0x0014, 0x0014, 0x0014, 0x0014, 0x0014, 0x0014, 0x0014, 0x0014, 0x0014, 0x0014, 0x0014, 0x0014, 0x0014, 0x0014,
    0x0014, 0x0014, 0x0014, 0x0014, 0x0014, 0x0014, 0x0014, 0x0014, 0x0014, 0x0014, 0x0014, 0x0014, 0x0014, 0x0014, 0x0014, 0x0014,
    0x0014, 0x0014, 0x0014, 0x0014, 0x0014, 0x0014, 0x0014, 0x0014, 0x0014, 0x0014, 0x0014, 0x0014, 0x0014, 0x0014, 0x0014, 0x0014,
    0x0014, 0x0014, 0x0014, 0x0014, 0x0014, 0x0014, 0x0014, 0x0014, 0x0014, 0x0014, 0x0014, 0x0014, 0x0014, 0x0014, 0x0014, 0x0014,
    0x0014, 0x0014, 0x0014, 0x0014, 0x0014, 0x0014, 0x0014, 0x0014, 0x0014, 0x0014, 0x0014, 0x0014, 0x0014, 0x0014, 0x0014, 0x0014,
    0x0014, 0x0014, 0x0014, 0x0014, 0x0014, 0x0014, 0x0014, 0x0014, 0x0014, 0x0014, 0x0014, 0x0014, 0x0014, 0x0014, 0x0014, 0x0014,
    0x0014, 0x0014, 0x0014, 0x0014, 0x0014, 0x0014, 0x0014, 0x0014, 0x0014, 0x0014, 0x0014, 0x0014, 0x0014, 0x0014, 0x0014, 0x0014,
    0x0014, 0x0014, 0x0014, 0x0014, 0x0014, 0x0014, 0x0014, 0x0014, 0x0014, 0x0014, 0x0014, 0x0014, 0x0014, 0x0014, 0x0014, 0x0014,
    0x0014, 0x0014, 0x0014, 0x0014, 0x0014, 0x0014, 0x0014, 0x0014, 0x0014, 0x0014, 0x0014, 0x0014, 0x0014, 0x0014, 0x0014, 0x0014,
    0x0014, 0x0014, 0x0014, 0x0014, 0x0014, 0x0014, 0x0014, 0x0014, 0x0014, 0x0014, 0x0014, 0x0014, 0x0014, 0x0014, 0x0014, 0x0014,
    0x0014, 0x0014, 0x0014, 0x0014, 0x0014, 0x0014, 0x0014, 0x0014, 0x0014, 0x0014, 0x0014, 0x0014, 0x0014, 0x0014, 0x0014, 0x0014,
    0x0014, 0x0014, 0x0014, 0x0014, 0x0014, 0x0014, 0x0014, 0x0014, 0x0014, 0x0014, 0x0014, 0x0014, 0x0014, 0x0014, 0x0014, 0x0014,
    0x0014, 0x0014, 0x0014, 0x0014, 0x0014, 0x0014, 0x0014, 0x0014, 0x0014, 0x0014, 0x0014, 0x0014, 0x0014, 0x0014, 0x0014, 0x0014,
    0x0014, 0x0014, 0x0014, 0x0014, 0x0014, 0x0014, 0x0014, 0x0014, 0x0014, 0x0014, 0x0014, 0x0014, 0x0014, 0x0014, 0x0014, 0x0014,
    0x0014, 0x0014, 0x0014, 0x0014, 0x0014, 0x0014, 0x0014, 0x0014, 0x0014, 0x0014, 0x0014, 0x0014, 0x0014, 0x0014, 0x0014, 0x0014,
    0x0014, 0x0014, 0x0014, 0x0014, 0x0014, 0x0014, 0x0014, 0x0014, 0x0014, 0x0014, 0x0014, 0x0014, 0x0014, 0x0014, 0x0014, 0x0014,
    0x0014, 0x0014, 0x0014, 0x0014, 0x0014, 0x0014, 0x0014, 0x0014, 0x0014, 0x0014, 0x0014, 0x0014, 0x0014, 0x0014, 0x0014, 0x0014,
    0x0014, 0x0014, 0x0014, 0x0014, 0x0014, 0x0014, 0x0014, 0x0014, 0x0014, 0x0014, 0x0014, 0x0014, 0x0014, 0x0014, 0x0014, 0x0014,
    0x0014, 0x0014, 0x0014, 0x0014, 0x0014, 0x0014, 0x0014, 0x0014, 0x0014, 0x0014, 0x0014, 0x0014, 0x0014, 0x0014, 0x0014, 0x0014,
    0x0014, 0x0014, 0x0014, 0x0014, 0x0014, 0x0014, 0x0014, 0x0014, 0x0014, 0x0014, 0x0014, 0x0014, 0x0014, 0x0014, 0x0014, 0x0014,
    0x0014, 0x0014, 0x0014, 0x0014, 0x0014, 0x0014, 0x0014, 0x0014, 0x0014, 0x0014, 0x0014, 0x0014, 0x0014, 0x0014, 0x0014, 0x0014,
    0x0014, 0x0014, 0x0014, 0x0014, 0x0014, 0x0014, 0x0014, 0x0014, 0x0014, 0x0014, 0x0014, 0x0014, 0x0014, 0x0014, 0x0014, 0x0014,
    0x0014, 0x0014, 0x0014, 0x0014, 0x0014, 0x0014, 0x0014, 0x0014, 0x0014, 0x0014, 0x0014, 0x0014, 0x0014, 0x0014, 0x0014, 0x0014,
    0x0014, 0x0014, 0x0014, 0x0014, 0x0014, 0x0014, 0x0014, 0x0014, 0x0014, 0x0014, 0x0014, 0x0014, 0x0014, 0x0014, 0x0014, 0x0014,
    0x0014, 0x0014, 0x0014, 0x0014, 0x0014, 0x0014, 0x0014, 0x0014, 0x0014, 0x0014, 0x0014, 0x0014, 0x0014, 0x0014, 0x0014, 0x0014,
    0x0014, 0x0014, 0x0014, 0x0014, 0x0014, 0x0014, 0x0014, 0x0014, 0x0014, 0x0014, 0x0014, 0x0014, 0x0014, 0x0014, 0x0014, 0x0014,
    0x0014, 0x0014, 0x0014, 0x0014, 0x0014, 0x0014, 0x0014, 0x0014, 0x0014, 0x0014, 0x0014, 0x0014, 0x0014, 0x0014, 0x0014, 0x0014,
    0x0014, 0x0014, 0x0014, 0x0014, 0x0014, 0x0014, 0x0014, 0x0014, 0x0014, 0x0014, 0x0014, 0x0014, 0x0014, 0x0014, 0x0014, 0x0014,
    0x0015, 0x0015, 0x0015, 0x0015, 0x0015, 0x0015, 0x0015, 0x0015, 0x0015, 0x0015, 0x0015, 0x0015, 0x0015, 0x0015, 0x0015, 0x0015,
    0x0015, 0x0015, 0x0015, 0x0015, 0x0015, 0x0015, 0x0015, 0x0015, 0x0015, 0x0015, 0x0015, 0x0015, 0x0015, 0x0015, 0x0015, 0x0015,
    0x0015, 0x0015, 0x0015, 0x0015, 0x0015, 0x0015, 0x0015, 0x0015, 0x0015, 0x0015, 0x0015, 0x0015, 0x0015, 0x0015, 0x0015, 0x0015,
    0x0015, 0x0015, 0x0015, 0x0015, 0x0015, 0x0015, 0x0015, 0x0015, 0x0015, 0x0015, 0x0015, 0x0015, 0x0015, 0x0015, 0x0015, 0x0015,
    0x0015, 0x0015, 0x0015, 0x0015, 0x0015, 0x0015, 0x0015, 0x0015, 0x0015, 0x0015, 0x0015, 0x0015, 0x0015, 0x0015, 0x0015, 0x0015,
    0x0015, 0x0015, 0x0015, 0x0015, 0x0015, 0x0015, 0x0015, 0x0015, 0x0015, 0x0015, 0x0015, 0x0015, 0x0015, 0x0015, 0x0015, 0x0015,
    0x0015, 0x0015, 0x0015, 0x0015, 0x0015, 0x0015, 0x0015, 0x0015, 0x0015, 0x0015, 0x0015, 0x0015, 0x0015, 0x0015, 0x0015, 0x0015,
    0x0015, 0x0015, 0x0015, 0x0015, 0x0015, 0x0015, 0x0015, 0x0015, 0x0015, 0x0015, 0x0015, 0x0015, 0x0015, 0x0015, 0x0015, 0x0015,
    0x0015, 0x0015, 0x0015, 0x0015, 0x0015, 0x0015, 0x0015, 0x0015, 0x0015, 0x0015, 0x0015, 0x0015, 0x0015, 0x0015, 0x0015, 0x0015,
    0x0015, 0x0015, 0x0015, 0x0015, 0x0015, 0x0015, 0x0015, 0x0015, 0x0015, 0x0015, 0x0015, 0x0015, 0x0015, 0x0015, 0x0015, 0x0015,
    0x0015, 0x0015, 0x0015, 0x0015, 0x0015, 0x0015, 0x0015, 0x0015, 0x0015, 0x0015, 0x0015, 0x0015, 0x0015, 0x0015, 0x0015, 0x0015,
    0x0015, 0x0015, 0x0015, 0x0015, 0x0015, 0x0015, 0x0015, 0x0015, 0x0015, 0x0015, 0x0015, 0x0015, 0x0015, 0x0015, 0x0015, 0x0015,
    0x0015, 0x0015, 0x0015, 0x0015, 0x0015, 0x0015, 0x0015, 0x0015, 0x0015, 0x0015, 0x0015, 0x0015, 0x0015, 0x0015, 0x0015, 0x0015,
    0x0015, 0x0015, 0x0015, 0x0015, 0x0015, 0x0015, 0x0015, 0x0015, 0x0015, 0x0015, 0x0015, 0x0015, 0x0015, 0x0015, 0x0015, 0x0015,
    0x0015, 0x0015, 0x0015, 0x0015, 0x0015, 0x0015, 0x0015, 0x0015, 0x0015, 0x0015, 0x0015, 0x0015, 0x0015, 0x0015, 0x0015, 0x0015,
    0x0015, 0x0015, 0x0015, 0x0015, 0x0015, 0x0015, 0x0015, 0x0015, 0x0015, 0x0015, 0x0015, 0x0015, 0x0015, 0x0015, 0x0015, 0x0015,
    0x0015, 0x0015, 0x0015, 0x0015, 0x0015, 0x0015, 0x0015, 0x0015, 0x0015, 0x0015, 0x0015, 0x0015, 0x0015, 0x0015, 0x0015, 0x0015,
    0x0015, 0x0015, 0x0015, 0x0015, 0x0015, 0x0015, 0x0015, 0x0015, 0x0015, 0x0015, 0x0015, 0x0015, 0x0015, 0x0015, 0x0015, 0x0015,
    0x0015, 0x0015, 0x0015, 0x0015, 0x0015, 0x0015, 0x0015, 0x0015, 0x0015, 0x0015, 0x0015, 0x0015, 0x0015, 0x0015, 0x0015, 0x0015,
    0x0015, 0x0015, 0x0015, 0x0015, 0x0015, 0x0015, 0x0015, 0x0015, 0x0015, 0x0015, 0x0015, 0x0015, 0x0015, 0x0015, 0x0015, 0x0015,
    0x0015, 0x0015, 0x0015, 0x0015, 0x0015, 0x0015, 0x0015, 0x0015, 0x0015, 0x0015, 0x0015, 0x0015, 0x0015, 0x0015, 0x0015, 0x0015,
    0x0015, 0x0015, 0x0015, 0x0015, 0x0015, 0x0015, 0x0015, 0x0015, 0x0015, 0x0015, 0x0015, 0x0015, 0x0015, 0x0015, 0x0015, 0x0015,
    0x0015, 0x0015, 0x0015, 0x0015, 0x0015, 0x0015, 0x0015, 0x0015, 0x0015, 0x0015, 0x0015, 0x0015, 0x0015, 0x0015, 0x0015, 0x0015,
    0x0015, 0x0015, 0x0015, 0x0015, 0x0015, 0x0015, 0x0015, 0x0015, 0x0015, 0x0015, 0x0015, 0x0015, 0x0015, 0x0015, 0x0015, 0x0015,
    0x0015, 0x0015, 0x0015, 0x0015, 0x0015, 0x0015, 0x0015, 0x0015, 0x0015, 0x0015, 0x0015, 0x0015, 0x0015, 0x0015, 0x0015, 0x0015,
    0x0015, 0x0015, 0x0015, 0x0015, 0x0015, 0x0015, 0x0015, 0x0015, 0x0015, 0x0015, 0x0015, 0x0015, 0x0015, 0x0015, 0x0015, 0x0015,
    0x0015, 0x0015, 0x0015, 0x0015, 0x0015, 0x0015, 0x0015, 0x0015, 0x0015, 0x0015, 0x0015, 0x0015, 0x0015, 0x0015, 0x0015, 0x0015,
    0x0015, 0x0015, 0x0015, 0x0015, 0x0015, 0x0015, 0x0015, 0x0015, 0x0015, 0x0015, 0x0015, 0x0015, 0x0015, 0x0015, 0x0015, 0x0015,
    0x0015, 0x0015, 0x0015, 0x0015, 0x0015, 0x0015, 0x0015, 0x0015, 0x0015, 0x0015, 0x0015, 0x0015, 0x0015, 0x0015, 0x0015, 0x0015,
    0x0015, 0x0015, 0x0015, 0x0015, 0x0015, 0x0015, 0x0015, 0x0015, 0x0015, 0x0015, 0x0015, 0x0015, 0x0015, 0x0015, 0x0015, 0x0015,
    0x0015, 0x0015, 0x0015, 0x0015, 0x0015, 0x0015, 0x0015, 0x0015, 0x0015, 0x0015, 0x0015, 0x0015, 0x0015, 0x0015, 0x0015, 0x0015,
    0x0015, 0x0015, 0x0015, 0x0015, 0x0015, 0x0015, 0x0015, 0x0015, 0x0015, 0x0015, 0x0015, 0x0015, 0x0015, 0x0015, 0x0015, 0x0015,
    0x0015, 0x0015, 0x0015, 0x0015, 0x0015, 0x0015, 0x0015, 0x0015, 0x0015, 0x0015, 0x0015, 0x0015, 0x0015, 0x0015, 0x0015, 0x0015,
    0x0015, 0x0015, 0x0015, 0x0015, 0x0015, 0x0015, 0x0015, 0x0015, 0x0015, 0x0015, 0x0015, 0x0015, 0x0015, 0x0015, 0x0015, 0x0015,
    0x0015, 0x0015, 0x0015, 0x0015, 0x0015, 0x0015, 0x0015, 0x0015, 0x0015, 0x0015, 0x0015, 0x0015, 0x0015, 0x0015, 0x0015, 0x0015,
    0x0015, 0x0015, 0x0015, 0x0015, 0x0015, 0x0015, 0x0015, 0x0015, 0x0015, 0x0015, 0x0015, 0x0015, 0x0015, 0x0015, 0x0015, 0x0015,
    0x0015, 0x0015, 0x0015, 0x0015, 0x0015, 0x0015, 0x0015, 0x0015, 0x0015, 0x0015, 0x0015, 0x0015, 0x0015, 0x0015, 0x0015, 0x0015,
    0x0015, 0x0015, 0x0015, 0x0015, 0x0015, 0x0015, 0x0015, 0x0015, 0x0015, 0x0015, 0x0015, 0x0015, 0x0015, 0x0015, 0x0015, 0x0015,
    0x0015, 0x0015, 0x0015, 0x0015, 0x0015, 0x0015, 0x0015, 0x0015, 0x0015, 0x0015, 0x0015, 0x0015, 0x0015, 0x0015, 0x0015, 0x0015,
    0x0015, 0x0015, 0x0015, 0x0015, 0x0015, 0x0015, 0x0015, 0x0015, 0x0015, 0x0015, 0x0015, 0x0015, 0x0015, 0x0015, 0x0015, 0x0015,
    0x0016, 0x0016, 0x0016, 0x0016, 0x0016, 0x0016, 0x0016, 0x0016, 0x0016, 0x0016, 0x0016, 0x0016, 0x0016, 0x0016, 0x0016, 0x0016,
    0x0016, 0x0016, 0x0016, 0x0016, 0x0016, 0x0016, 0x0016, 0x0016, 0x0016, 0x0016, 0x0016, 0x0016, 0x0016, 0x0016, 0x0016, 0x0016,
    0x0016, 0x0016, 0x0016, 0x0016, 0x0016, 0x0016, 0x0016, 0x0016, 0x0016, 0x0016, 0x0016, 0x0016, 0x0016, 0x0016, 0x0016, 0x0016,
    0x0016, 0x0016, 0x0016, 0x0016, 0x0016, 0x0016, 0x0016, 0x0016, 0x0016, 0x0016, 0x0016, 0x0016, 0x0016, 0x0016, 0x0016, 0x0016,
    0x0016, 0x0016, 0x0016, 0x0016, 0x0016, 0x0016, 0x0016, 0x0016, 0x0016, 0x0016, 0x0016, 0x0016, 0x0016, 0x0016, 0x0016, 0x0016,
    0x0016, 0x0016, 0x0016, 0x0016, 0x0016, 0x0016, 0x0016, 0x0016, 0x0016, 0x0016, 0x0016, 0x0016, 0x0016, 0x0016, 0x0016, 0x0016,
    0x0016, 0x0016, 0x0016, 0x0016, 0x0016, 0x0016, 0x0016, 0x0016, 0x0016, 0x0016, 0x0016, 0x0016, 0x0016, 0x0016, 0x0016, 0x0016,
    0x0016, 0x0016, 0x0016, 0x0016, 0x0016, 0x0016, 0x0016, 0x0016, 0x0016, 0x0016, 0x0016, 0x0016, 0x0016, 0x0016, 0x0016, 0x0016,
    0x0016, 0x0016, 0x0016, 0x0016, 0x0016, 0x0016, 0x0016, 0x0016, 0x0016, 0x0016, 0x0016, 0x0016, 0x0016, 0x0016, 0x0016, 0x0016,
    0x0016, 0x0016, 0x0016, 0x0016, 0x0016, 0x0016, 0x0016, 0x0016, 0x0016, 0x0016, 0x0016, 0x0016, 0x0016, 0x0016, 0x0016, 0x0016,
    0x0016, 0x0016, 0x0016, 0x0016, 0x0016, 0x0016, 0x0016, 0x0016, 0x0016, 0x0016, 0x0016, 0x0016, 0x0016, 0x0016, 0x0016, 0x0016,
    0x0016, 0x0016, 0x0016, 0x0016, 0x0016, 0x0016, 0x0016, 0x0016, 0x0016, 0x0016, 0x0016, 0x0016, 0x0016, 0x0016, 0x0016, 0x0016,
    0x0016, 0x0016, 0x0016, 0x0016, 0x0016, 0x0016, 0x0016, 0x0016, 0x0016, 0x0016, 0x0016, 0x0016, 0x0016, 0x0016, 0x0016, 0x0016,
    0x0016, 0x0016, 0x0016, 0x0016, 0x0016, 0x0016, 0x0016, 0x0016, 0x0016, 0x0016, 0x0016, 0x0016, 0x0016, 0x0016, 0x0016, 0x0016,
    0x0016, 0x0016, 0x0016, 0x0016, 0x0016, 0x0016, 0x0016, 0x0016, 0x0016, 0x0016, 0x0016, 0x0016, 0x0016, 0x0016, 0x0016, 0x0016,
    0x0016, 0x0016, 0x0016, 0x0016, 0x0016, 0x0016, 0x0016, 0x0016, 0x0016, 0x0016, 0x0016, 0x0016, 0x0016, 0x0016, 0x0016, 0x0016,
    0x0016, 0x0016, 0x0016, 0x0016, 0x0016, 0x0016, 0x0016, 0x0016, 0x0016, 0x0016, 0x0016, 0x0016, 0x0016, 0x0016, 0x0016, 0x0016,
    0x0016, 0x0016, 0x0016, 0x0016, 0x0016, 0x0016, 0x0016, 0x0016, 0x0016, 0x0016, 0x0016, 0x0016, 0x0016, 0x0016, 0x0016, 0x0016,
    0x0016, 0x0016, 0x0016, 0x0016, 0x0016, 0x0016, 0x0016, 0x0016, 0x0016, 0x0016, 0x0016, 0x0016, 0x0016, 0x0016, 0x0016, 0x0016,
    0x0016, 0x0016, 0x0016, 0x0016, 0x0016, 0x0016, 0x0016, 0x0016, 0x0016, 0x0016, 0x0016, 0x0016, 0x0016, 0x0016, 0x0016, 0x0016
};

// Battery empty icon (20x10 pixels)
const uint16_t ui_battery_empty[BATTERY_ICON_WIDTH * BATTERY_ICON_HEIGHT] = {
    0xFFFF, 0xFFFF, 0xFFFF, 0xFFFF, 0xFFFF, 0xFFFF, 0xFFFF, 0xFFFF, 0xFFFF, 0xFFFF,
    0xFFFF, 0xFFFF, 0xFFFF, 0xFFFF, 0xFFFF, 0xFFFF, 0xFFFF, 0xFFFF, 0x0000, 0x0000,
    0xFFFF, 0x0000, 0x0000, 0x0000, 0x0000, 0x0000, 0x0000, 0x0000, 0x0000, 0x0000,
    0x0000, 0x0000, 0x0000, 0x0000, 0x0000, 0x0000, 0x0000, 0xFFFF, 0x0000, 0x0000,
    0xFFFF, 0x0000, 0x0000, 0x0000, 0x0000, 0x0000, 0x0000, 0x0000, 0x0000, 0x0000,
    0x0000, 0x0000, 0x0000, 0x0000, 0x0000, 0x0000, 0x0000, 0xFFFF, 0x0000, 0x0000,
    0xFFFF, 0x0000, 0x0000, 0x0000, 0x0000, 0x0000, 0x0000, 0x0000, 0x0000, 0x0000,
    0x0000, 0x0000, 0x0000, 0x0000, 0x0000, 0x0000, 0x0000, 0xFFFF, 0xFFFF, 0xFFFF,
    0xFFFF, 0x0000, 0x0000, 0x0000, 0x0000, 0x0000, 0x0000, 0x0000, 0x0000, 0x0000,
    0x0000, 0x0000, 0x0000, 0x0000, 0x0000, 0x0000, 0x0000, 0xFFFF, 0xFFFF, 0xFFFF,
    0xFFFF, 0x0000, 0x0000, 0x0000, 0x0000, 0x0000, 0x0000, 0x0000, 0x0000, 0x0000,
    0x0000, 0x0000, 0x0000, 0x0000, 0x0000, 0x0000, 0x0000, 0xFFFF, 0xFFFF, 0xFFFF,
    0xFFFF, 0x0000, 0x0000, 0x0000, 0x0000, 0x0000, 0x0000, 0x0000, 0x0000, 0x0000,
    0x0000, 0x0000, 0x0000, 0x0000, 0x0000, 0x0000, 0x0000, 0xFFFF, 0xFFFF, 0xFFFF,
    0xFFFF, 0x0000, 0x0000, 0x0000, 0x0000, 0x0000, 0x0000, 0x0000, 0x0000, 0x0000,
    0x0000, 0x0000, 0x0000, 0x0000, 0x0000, 0x0000, 0x0000, 0xFFFF, 0x0000, 0x0000,
    0xFFFF, 0x0000, 0x0000, 0x0000, 0x0000, 0x0000, 0x0000, 0x0000, 0x0000, 0x0000,
    0x0000, 0x0000, 0x0000, 0x0000, 0x0000, 0x0000, 0x0000, 0xFFFF, 0x0000, 0x0000,
    0xFFFF, 0xFFFF, 0xFFFF, 0xFFFF, 0xFFFF, 0xFFFF, 0xFFFF, 0xFFFF, 0xFFFF, 0xFFFF,
    0xFFFF, 0xFFFF, 0xFFFF, 0xFFFF, 0xFFFF, 0xFFFF, 0xFFFF, 0xFFFF, 0x0000, 0x0000
};

// Battery bar (16x6 pixels) - green fill for battery level
const uint16_t ui_battery_bar[BATTERY_BAR_WIDTH * BATTERY_BAR_HEIGHT] = {
    [0 ... (BATTERY_BAR_WIDTH * BATTERY_BAR_HEIGHT - 1)] = 0x07E0
};

// MONO text (40x10 pixels)
const uint16_t ui_mono_text[MONO_TEXT_WIDTH * MONO_TEXT_HEIGHT] = {
    0x0000, 0x0000, 0x0000, 0x0000, 0x0000, 0x0000, 0x0000, 0x0000, 0x0000, 0x0000,
    0x0000, 0x0000, 0x0000, 0x0000, 0x0000, 0x0000, 0x0000, 0x0000, 0x0000, 0x0000,
    0x0000, 0x0000, 0x0000, 0x0000, 0x0000, 0x0000, 0x0000, 0x0000, 0x0000, 0x0000,
    0x0000, 0x0000, 0x0000, 0x0000, 0x0000, 0x0000, 0x0000, 0x0000, 0x0000, 0x0000,
    0x0000, 0x0000, 0x0000, 0x0000, 0x0000, 0x0000, 0x0000, 0x0000, 0x0000, 0x0000,
    0x0000, 0x0000, 0x0000, 0x0000, 0x0000, 0x0000, 0x0000, 0x0000, 0x0000, 0x0000,
    0x0000, 0x0000, 0x0000, 0x0000, 0x0000, 0x0000, 0x0000, 0x0000, 0x0000, 0x0000,
    0x0000, 0x0000, 0x0000, 0x0000, 0x0000, 0x0000, 0x0000, 0x0000, 0x0000, 0x0000,
    0x0000, 0x0000, 0x0000, 0x0000, 0x0000, 0xFFFF, 0xFFFF, 0xFFFF, 0xFFFF, 0x0000,
    0x0000, 0x0000, 0xFFFF, 0xFFFF, 0xFFFF, 0xFFFF, 0x0000, 0x0000, 0x0000, 0xFFFF,
    0xFFFF, 0xFFFF, 0xFFFF, 0x0000, 0x0000, 0x0000, 0xFFFF, 0xFFFF, 0xFFFF, 0xFFFF,
    0x0000, 0x0000, 0x0000, 0x0000, 0x0000, 0x0000, 0x0000, 0x0000, 0x0000, 0x0000,
    0x0000, 0x0000, 0x0000, 0x0000, 0x0000, 0xFFFF, 0xFFFF, 0xFFFF, 0xFFFF, 0x0000,
    0x0000, 0x0000, 0xFFFF, 0xFFFF, 0xFFFF, 0xFFFF, 0x0000, 0x0000, 0x0000, 0xFFFF,
    0xFFFF, 0xFFFF, 0xFFFF, 0x0000, 0x0000, 0x0000, 0xFFFF, 0xFFFF, 0xFFFF, 0xFFFF,
    0x0000, 0x0000, 0x0000, 0x0000, 0x0000, 0x0000, 0x0000, 0x0000, 0x0000, 0x0000,
    0x0000, 0x0000, 0x0000, 0x0000, 0x0000, 0xFFFF, 0xFFFF, 0xFFFF, 0xFFFF, 0x0000,
    0x0000, 0x0000, 0xFFFF, 0xFFFF, 0xFFFF, 0xFFFF, 0x0000, 0x0000, 0x0000, 0xFFFF,
    0xFFFF, 0xFFFF, 0xFFFF, 0x0000, 0x0000, 0x0000, 0xFFFF, 0xFFFF, 0xFFFF, 0xFFFF,
    0x0000, 0x0000, 0x0000, 0x0000, 0x0000, 0x0000, 0x0000, 0x0000, 0x0000, 0x0000,
    0x0000, 0x0000, 0x0000, 0x0000, 0x0000, 0xFFFF, 0xFFFF, 0xFFFF, 0xFFFF, 0x0000,
    0x0000, 0x0000, 0xFFFF, 0xFFFF, 0xFFFF, 0xFFFF, 0x0000, 0x0000, 0x0000, 0xFFFF,
    0xFFFF, 0xFFFF, 0xFFFF, 0x0000, 0x0000, 0x0000, 0xFFFF, 0xFFFF, 0xFFFF, 0xFFFF,
    0x0000, 0x0000, 0x0000, 0x0000, 0x0000, 0x0000, 0x0000, 0x0000, 0x0000, 0x0000,
    0x0000, 0x0000, 0x0000, 0x0000, 0x0000, 0xFFFF, 0xFFFF, 0xFFFF, 0xFFFF, 0x0000,
    0x0000, 0x0000, 0xFFFF, 0xFFFF, 0xFFFF, 0xFFFF, 0x0000, 0x0000, 0x0000, 0xFFFF,
    0xFFFF, 0xFFFF, 0xFFFF, 0x0000, 0x0000, 0x0000, 0xFFFF, 0xFFFF, 0xFFFF, 0xFFFF,
    0x0000, 0x0000, 0x0000, 0x0000, 0x0000, 0x0000, 0x0000, 0x0000, 0x0000, 0x0000,
    0x0000, 0x0000, 0x0000, 0x0000, 0x0000, 0xFFFF, 0xFFFF, 0xFFFF, 0xFFFF, 0x0000,
    0x0000, 0x0000, 0xFFFF, 0xFFFF, 0xFFFF, 0xFFFF, 0x0000, 0x0000, 0x0000, 0xFFFF,
    0xFFFF, 0xFFFF, 0xFFFF, 0x0000, 0x0000, 0x0000, 0xFFFF, 0xFFFF, 0xFFFF, 0xFFFF,
    0x0000, 0x0000, 0x0000, 0x0000, 0x0000, 0x0000, 0x0000, 0x0000, 0x0000, 0x0000,
    0x0000, 0x0000, 0x0000, 0x0000, 0x0000, 0x0000, 0x0000, 0x0000, 0x0000, 0x0000,
    0x0000, 0x0000, 0x0000, 0x0000, 0x0000, 0x0000, 0x0000, 0x0000, 0x0000, 0x0000,
    0x0000, 0x0000, 0x0000, 0x0000, 0x0000, 0x0000, 0x0000, 0x0000, 0x0000, 0x0000,
    0x0000, 0x0000, 0x0000, 0x0000, 0x0000, 0x0000, 0x0000, 0x0000, 0x0000, 0x0000,
    0x0000, 0x0000, 0x0000, 0x0000, 0x0000, 0x0000, 0x0000, 0x0000, 0x0000, 0x0000,
    0x0000, 0x0000, 0x0000, 0x0000, 0x0000, 0x0000, 0x0000, 0x0000, 0x0000, 0x0000,
    0x0000, 0x0000, 0x0000, 0x0000, 0x0000, 0x0000, 0x0000, 0x0000, 0x0000, 0x0000,
    0x0000, 0x0000, 0x0000, 0x0000, 0x0000, 0x0000, 0x0000, 0x0000, 0x0000, 0x0000
};

// STEREO text (50x10 pixels)
const uint16_t ui_stereo_text[STEREO_TEXT_WIDTH * STEREO_TEXT_HEIGHT] = {
    0x0000, 0x0000, 0x0000, 0x0000, 0x0000, 0x0000, 0x0000, 0x0000, 0x0000, 0x0000,
    0x0000, 0x0000, 0x0000, 0x0000, 0x0000, 0x0000, 0x0000, 0x0000, 0x0000, 0x0000,
    0x0000, 0x0000, 0x0000, 0x0000, 0x0000, 0x0000, 0x0000, 0x0000, 0x0000, 0x0000,
    0x0000, 0x0000, 0x0000, 0x0000, 0x0000, 0x0000, 0x0000, 0x0000, 0x0000, 0x0000,
    0x0000, 0x0000, 0x0000, 0x0000, 0x0000, 0x0000, 0x0000, 0x0000, 0x0000, 0x0000,
    0x0000, 0x0000, 0x0000, 0x0000, 0x0000, 0x0000, 0x0000, 0x0000, 0x0000, 0x0000,
    0x0000, 0x0000, 0x0000, 0x0000, 0x0000, 0x0000, 0x0000, 0x0000, 0x0000, 0x0000,
    0x0000, 0x0000, 0x0000, 0x0000, 0x0000, 0x0000, 0x0000, 0x0000, 0x0000, 0x0000,
    0x0000, 0x0000, 0x0000, 0x0000, 0x0000, 0x0000, 0x0000, 0x0000, 0x0000, 0x0000,
    0x0000, 0x0000, 0x0000, 0x0000, 0x0000, 0x0000, 0x0000, 0x0000, 0x0000, 0x0000,
    0x0000, 0x0000, 0x0000, 0xFFFF, 0xFFFF, 0xFFFF, 0xFFFF, 0x0000, 0x0000, 0xFFFF,
    0xFFFF, 0xFFFF, 0xFFFF, 0x0000, 0x0000, 0xFFFF, 0xFFFF, 0xFFFF, 0xFFFF, 0x0000,
    0x0000, 0xFFFF, 0xFFFF, 0xFFFF, 0xFFFF, 0x0000, 0x0000, 0xFFFF, 0xFFFF, 0xFFFF,
    0xFFFF, 0x0000, 0x0000, 0xFFFF, 0xFFFF, 0xFFFF, 0xFFFF, 0x0000, 0x0000, 0xFFFF,
    0xFFFF, 0xFFFF, 0xFFFF, 0x0000, 0x0000, 0x0000, 0x0000, 0x0000, 0x0000, 0x0000,
    0x0000, 0x0000, 0x0000, 0xFFFF, 0xFFFF, 0xFFFF, 0xFFFF, 0x0000, 0x0000, 0xFFFF,
    0xFFFF, 0xFFFF, 0xFFFF, 0x0000, 0x0000, 0xFFFF, 0xFFFF, 0xFFFF, 0xFFFF, 0x0000,
    0x0000, 0xFFFF, 0xFFFF, 0xFFFF, 0xFFFF, 0x0000, 0x0000, 0xFFFF, 0xFFFF, 0xFFFF,
    0xFFFF, 0x0000, 0x0000, 0xFFFF, 0xFFFF, 0xFFFF, 0xFFFF, 0x0000, 0x0000, 0xFFFF,
    0xFFFF, 0xFFFF, 0xFFFF, 0x0000, 0x0000, 0x0000, 0x0000, 0x0000, 0x0000, 0x0000,
    0x0000, 0x0000, 0x0000, 0xFFFF, 0xFFFF, 0xFFFF, 0xFFFF, 0x0000, 0x0000, 0xFFFF,
    0xFFFF, 0xFFFF, 0xFFFF, 0x0000, 0x0000, 0xFFFF, 0xFFFF, 0xFFFF, 0xFFFF, 0x0000,
    0x0000, 0xFFFF, 0xFFFF, 0xFFFF, 0xFFFF, 0x0000, 0x0000, 0xFFFF, 0xFFFF, 0xFFFF,
    0xFFFF, 0x0000, 0x0000, 0xFFFF, 0xFFFF, 0xFFFF, 0xFFFF, 0x0000, 0x0000, 0xFFFF,
    0xFFFF, 0xFFFF, 0xFFFF, 0x0000, 0x0000, 0x0000, 0x0000, 0x0000, 0x0000, 0x0000,
    0x0000, 0x0000, 0x0000, 0xFFFF, 0xFFFF, 0xFFFF, 0xFFFF, 0x0000, 0x0000, 0xFFFF,
    0xFFFF, 0xFFFF, 0xFFFF, 0x0000, 0x0000, 0xFFFF, 0xFFFF, 0xFFFF, 0xFFFF, 0x0000,
    0x0000, 0xFFFF, 0xFFFF, 0xFFFF, 0xFFFF, 0x0000, 0x0000, 0xFFFF, 0xFFFF, 0xFFFF,
    0xFFFF, 0x0000, 0x0000, 0xFFFF, 0xFFFF, 0xFFFF, 0xFFFF, 0x0000, 0x0000, 0xFFFF,
    0xFFFF, 0xFFFF, 0xFFFF, 0x0000, 0x0000, 0x0000, 0x0000, 0x0000, 0x0000, 0x0000,
    0x0000, 0x0000, 0x0000, 0xFFFF, 0xFFFF, 0xFFFF, 0xFFFF, 0x0000, 0x0000, 0xFFFF,
    0xFFFF, 0xFFFF, 0xFFFF, 0x0000, 0x0000, 0xFFFF, 0xFFFF, 0xFFFF, 0xFFFF, 0x0000,
    0x0000, 0xFFFF, 0xFFFF, 0xFFFF, 0xFFFF, 0x0000, 0x0000, 0xFFFF, 0xFFFF, 0xFFFF,
    0xFFFF, 0x0000, 0x0000, 0xFFFF, 0xFFFF, 0xFFFF, 0xFFFF, 0x0000, 0x0000, 0xFFFF,
    0xFFFF, 0xFFFF, 0xFFFF, 0x0000, 0x0000, 0x0000, 0x0000, 0x0000, 0x0000, 0x0000,
    0x0000, 0x0000, 0x0000, 0xFFFF, 0xFFFF, 0xFFFF, 0xFFFF, 0x0000, 0x0000, 0xFFFF,
    0xFFFF, 0xFFFF, 0xFFFF, 0x0000, 0x0000, 0xFFFF, 0xFFFF, 0xFFFF, 0xFFFF, 0x0000,
    0x0000, 0xFFFF, 0xFFFF, 0xFFFF, 0xFFFF, 0x0000, 0x0000, 0xFFFF, 0xFFFF, 0xFFFF,
    0xFFFF, 0x0000, 0x0000, 0xFFFF, 0xFFFF, 0xFFFF, 0xFFFF, 0x0000, 0x0000, 0xFFFF,
    0xFFFF, 0xFFFF, 0xFFFF, 0x0000, 0x0000, 0x0000, 0x0000, 0x0000, 0x0000, 0x0000,
    0x0000, 0x0000, 0x0000, 0x0000, 0x0000, 0x0000, 0x0000, 0x0000, 0x0000, 0x0000,
    0x0000, 0x0000, 0x0000, 0x0000, 0x0000, 0x0000, 0x0000, 0x0000, 0x0000, 0x0000,
    0x0000, 0x0000, 0x0000, 0x0000, 0x0000, 0x0000, 0x0000, 0x0000, 0x0000, 0x0000,
    0x0000, 0x0000, 0x0000, 0x0000, 0x0000, 0x0000, 0x0000, 0x0000, 0x0000, 0x0000,
    0x0000, 0x0000, 0x0000, 0x0000, 0x0000, 0x0000, 0x0000, 0x0000, 0x0000, 0x0000,
    0x0000, 0x0000, 0x0000, 0x0000, 0x0000, 0x0000, 0x0000, 0x0000, 0x0000, 0x0000,
    0x0000, 0x0000, 0x0000, 0x0000, 0x0000, 0x0000, 0x0000, 0x0000, 0x0000, 0x0000,
    0x0000, 0x0000, 0x0000, 0x0000, 0x0000, 0x0000, 0x0000, 0x0000, 0x0000, 0x0000,
    0x0000, 0x0000, 0x0000, 0x0000, 0x0000, 0x0000, 0x0000, 0x0000, 0x0000, 0x0000,
    0x0000, 0x0000, 0x0000, 0x0000, 0x0000, 0x0000, 0x0000, 0x0000, 0x0000, 0x0000
};

// Volume level blocks (5x40 pixels each)
// Gradient colors from green to yellow to red for VU meter

// Volume block 01
const uint16_t ui_volume_block_01[VOLUME_BLOCK_WIDTH * VOLUME_BLOCK_HEIGHT] = {
    0x07E0, 0x07E0, 0x07E0, 0x07E0, 0x07E0, 0x07E0, 0x07E0, 0x07E0, 0x07E0, 0x07E0,
    0x07C0, 0x07C0, 0x07C0, 0x07C0, 0x07C0, 0x07C0, 0x07C0, 0x07C0, 0x07C0, 0x07C0,
    0x07A0, 0x07A0, 0x07A0, 0x07A0, 0x07A0, 0x07A0, 0x07A0, 0x07A0, 0x07A0, 0x07A0,
    0x0780, 0x0780, 0x0780, 0x0780, 0x0780, 0x0780, 0x0780, 0x0780, 0x0780, 0x0780,
    0x0760, 0x0760, 0x0760, 0x0760, 0x0760, 0x0760, 0x0760, 0x0760, 0x0760, 0x0760,
    0x0740, 0x0740, 0x0740, 0x0740, 0x0740, 0x0740, 0x0740, 0x0740, 0x0740, 0x0740,
    0x0740, 0x0740, 0x0740, 0x0740, 0x0740, 0x0720, 0x0720, 0x0720, 0x0720, 0x0720,
    0x0720, 0x0720, 0x0720, 0x0720, 0x0720, 0x0700, 0x0700, 0x0700, 0x0700, 0x0700,
    0x0700, 0x0700, 0x0700, 0x0700, 0x0700, 0x06E0, 0x06E0, 0x06E0, 0x06E0, 0x06E0,
    0x06E0, 0x06E0, 0x06E0, 0x06E0, 0x06E0, 0x06C0, 0x06C0, 0x06C0, 0x06C0, 0x06C0,
    0x06C0, 0x06C0, 0x06C0, 0x06C0, 0x06C0, 0x06A0, 0x06A0, 0x06A0, 0x06A0, 0x06A0,
    0x06A0, 0x06A0, 0x06A0, 0x06A0, 0x06A0, 0x0680, 0x0680, 0x0680, 0x0680, 0x0680,
    0x0680, 0x0680, 0x0680, 0x0680, 0x0680, 0x0660, 0x0660, 0x0660, 0x0660, 0x0660,
    0x0660, 0x0660, 0x0660, 0x0660, 0x0660, 0x0640, 0x0640, 0x0640, 0x0640, 0x0640,
    0x0640, 0x0640, 0x0640, 0x0640, 0x0640, 0x0620, 0x0620, 0x0620, 0x0620, 0x0620,
    0x0620, 0x0620, 0x0620, 0x0620, 0x0620, 0x0600, 0x0600, 0x0600, 0x0600, 0x0600,
    0x0600, 0x0600, 0x0600, 0x0600, 0x0600, 0x05E0, 0x05E0, 0x05E0, 0x05E0, 0x05E0,
    0x05E0, 0x05E0, 0x05E0, 0x05E0, 0x05E0, 0x05E0, 0x05E0, 0x05E0, 0x05E0, 0x05E0,
    0x05C0, 0x05C0, 0x05C0, 0x05C0, 0x05C0, 0x05C0, 0x05C0, 0x05C0, 0x05C0, 0x05C0,
    0x05A0, 0x05A0, 0x05A0, 0x05A0, 0x05A0, 0x05A0, 0x05A0, 0x05A0, 0x05A0, 0x05A0
};

// Volume block 02
const uint16_t ui_volume_block_02[VOLUME_BLOCK_WIDTH * VOLUME_BLOCK_HEIGHT] = {
    0x07E0, 0x07E0, 0x07E0, 0x07E0, 0x07E0, 0x07E0, 0x07E0, 0x07E0, 0x07E0, 0x07E0,
    0x07C0, 0x07C0, 0x07C0, 0x07C0, 0x07C0, 0x07C0, 0x07C0, 0x07C0, 0x07C0, 0x07C0,
    0x07A0, 0x07A0, 0x07A0, 0x07A0, 0x07A0, 0x07A0, 0x07A0, 0x07A0, 0x07A0, 0x07A0,
    0x0780, 0x0780, 0x0780, 0x0780, 0x0780, 0x0780, 0x0780, 0x0780, 0x0780, 0x0780,
    0x0760, 0x0760, 0x0760, 0x0760, 0x0760, 0x0760, 0x0760, 0x0760, 0x0760, 0x0760,
    0x0740, 0x0740, 0x0740, 0x0740, 0x0740, 0x0740, 0x0740, 0x0740, 0x0740, 0x0740,
    0x0740, 0x0740, 0x0740, 0x0740, 0x0740, 0x0720, 0x0720, 0x0720, 0x0720, 0x0720,
    0x0720, 0x0720, 0x0720, 0x0720, 0x0720, 0x0700, 0x0700, 0x0700, 0x0700, 0x0700,
    0x0700, 0x0700, 0x0700, 0x0700, 0x0700, 0x06E0, 0x06E0, 0x06E0, 0x06E0, 0x06E0,
    0x06E0, 0x06E0, 0x06E0, 0x06E0, 0x06E0, 0x06C0, 0x06C0, 0x06C0, 0x06C0, 0x06C0,
    0x06C0, 0x06C0, 0x06C0, 0x06C0, 0x06C0, 0x06A0, 0x06A0, 0x06A0, 0x06A0, 0x06A0,
    0x06A0, 0x06A0, 0x06A0, 0x06A0, 0x06A0, 0x0680, 0x0680, 0x0680, 0x0680, 0x0680,
    0x0680, 0x0680, 0x0680, 0x0680, 0x0680, 0x0660, 0x0660, 0x0660, 0x0660, 0x0660,
    0x0660, 0x0660, 0x0660, 0x0660, 0x0660, 0x0640, 0x0640, 0x0640, 0x0640, 0x0640,
    0x0640, 0x0640, 0x0640, 0x0640, 0x0640, 0x0620, 0x0620, 0x0620, 0x0620, 0x0620,
    0x0620, 0x0620, 0x0620, 0x0620, 0x0620, 0x0600, 0x0600, 0x0600, 0x0600, 0x0600,
    0x0600, 0x0600, 0x0600, 0x0600, 0x0600, 0x05E0, 0x05E0, 0x05E0, 0x05E0, 0x05E0,
    0x05E0, 0x05E0, 0x05E0, 0x05E0, 0x05E0, 0x05E0, 0x05E0, 0x05E0, 0x05E0, 0x05E0,
    0x05C0, 0x05C0, 0x05C0, 0x05C0, 0x05C0, 0x05C0, 0x05C0, 0x05C0, 0x05C0, 0x05C0,
    0x05A0, 0x05A0, 0x05A0, 0x05A0, 0x05A0, 0x05A0, 0x05A0, 0x05A0, 0x05A0, 0x05A0
};

// Volume block 03
const uint16_t ui_volume_block_03[VOLUME_BLOCK_WIDTH * VOLUME_BLOCK_HEIGHT] = {
    0x07E0, 0x07E0, 0x07E0, 0x07E0, 0x07E0, 0x07E0, 0x07E0, 0x07E0, 0x07E0, 0x07E0,
    0x07C0, 0x07C0, 0x07C0, 0x07C0, 0x07C0, 0x07C0, 0x07C0, 0x07C0, 0x07C0, 0x07C0,
    0x07A0, 0x07A0, 0x07A0, 0x07A0, 0x07A0, 0x07A0, 0x07A0, 0x07A0, 0x07A0, 0x07A0,
    0x0780, 0x0780, 0x0780, 0x0780, 0x0780, 0x0780, 0x0780, 0x0780, 0x0780, 0x0780,
    0x0760, 0x0760, 0x0760, 0x0760, 0x0760, 0x0760, 0x0760, 0x0760, 0x0760, 0x0760,
    0x0740, 0x0740, 0x0740, 0x0740, 0x0740, 0x0740, 0x0740, 0x0740, 0x0740, 0x0740,
    0x0740, 0x0740, 0x0740, 0x0740, 0x0740, 0x0720, 0x0720, 0x0720, 0x0720, 0x0720,
    0x0720, 0x0720, 0x0720, 0x0720, 0x0720, 0x0700, 0x0700, 0x0700, 0x0700, 0x0700,
    0x0700, 0x0700, 0x0700, 0x0700, 0x0700, 0x06E0, 0x06E0, 0x06E0, 0x06E0, 0x06E0,
    0x06E0, 0x06E0, 0x06E0, 0x06E0, 0x06E0, 0x06C0, 0x06C0, 0x06C0, 0x06C0, 0x06C0,
    0x06C0, 0x06C0, 0x06C0, 0x06C0, 0x06C0, 0x06A0, 0x06A0, 0x06A0, 0x06A0, 0x06A0,
    0x06A0, 0x06A0, 0x06A0, 0x06A0, 0x06A0, 0x0680, 0x0680, 0x0680, 0x0680, 0x0680,
    0x0680, 0x0680, 0x0680, 0x0680, 0x0680, 0x0660, 0x0660, 0x0660, 0x0660, 0x0660,
    0x0660, 0x0660, 0x0660, 0x0660, 0x0660, 0x0640, 0x0640, 0x0640, 0x0640, 0x0640,
    0x0640, 0x0640, 0x0640, 0x0640, 0x0640, 0x0620, 0x0620, 0x0620, 0x0620, 0x0620,
    0x0620, 0x0620, 0x0620, 0x0620, 0x0620, 0x0600, 0x0600, 0x0600, 0x0600, 0x0600,
    0x0600, 0x0600, 0x0600, 0x0600, 0x0600, 0x05E0, 0x05E0, 0x05E0, 0x05E0, 0x05E0,
    0x05E0, 0x05E0, 0x05E0, 0x05E0, 0x05E0, 0x05E0, 0x05E0, 0x05E0, 0x05E0, 0x05E0,
    0x05C0, 0x05C0, 0x05C0, 0x05C0, 0x05C0, 0x05C0, 0x05C0, 0x05C0, 0x05C0, 0x05C0,
    0x05A0, 0x05A0, 0x05A0, 0x05A0, 0x05A0, 0x05A0, 0x05A0, 0x05A0, 0x05A0, 0x05A0
};

// Volume block 04
const uint16_t ui_volume_block_04[VOLUME_BLOCK_WIDTH * VOLUME_BLOCK_HEIGHT] = {
    0x07E0, 0x07E0, 0x07E0, 0x07E0, 0x07E0, 0x07E0, 0x07E0, 0x07E0, 0x07E0, 0x07E0,
    0x07C0, 0x07C0, 0x07C0, 0x07C0, 0x07C0, 0x07C0, 0x07C0, 0x07C0, 0x07C0, 0x07C0,
    0x07A0, 0x07A0, 0x07A0, 0x07A0, 0x07A0, 0x07A0, 0x07A0, 0x07A0, 0x07A0, 0x07A0,
    0x0780, 0x0780, 0x0780, 0x0780, 0x0780, 0x0780, 0x0780, 0x0780, 0x0780, 0x0780,
    0x0760, 0x0760, 0x0760, 0x0760, 0x0760, 0x0760, 0x0760, 0x0760, 0x0760, 0x0760,
    0x0740, 0x0740, 0x0740, 0x0740, 0x0740, 0x0740, 0x0740, 0x0740, 0x0740, 0x0740,
    0x0740, 0x0740, 0x0740, 0x0740, 0x0740, 0x0720, 0x0720, 0x0720, 0x0720, 0x0720,
    0x0720, 0x0720, 0x0720, 0x0720, 0x0720, 0x0700, 0x0700, 0x0700, 0x0700, 0x0700,
    0x0700, 0x0700, 0x0700, 0x0700, 0x0700, 0x06E0, 0x06E0, 0x06E0, 0x06E0, 0x06E0,
    0x06E0, 0x06E0, 0x06E0, 0x06E0, 0x06E0, 0x06C0, 0x06C0, 0x06C0, 0x06C0, 0x06C0,
    0x06C0, 0x06C0, 0x06C0, 0x06C0, 0x06C0, 0x06A0, 0x06A0, 0x06A0, 0x06A0, 0x06A0,
    0x06A0, 0x06A0, 0x06A0, 0x06A0, 0x06A0, 0x0680, 0x0680, 0x0680, 0x0680, 0x0680,
    0x0680, 0x0680, 0x0680, 0x0680, 0x0680, 0x0660, 0x0660, 0x0660, 0x0660, 0x0660,
    0x0660, 0x0660, 0x0660, 0x0660, 0x0660, 0x0640, 0x0640, 0x0640, 0x0640, 0x0640,
    0x0640, 0x0640, 0x0640, 0x0640, 0x0640, 0x0620, 0x0620, 0x0620, 0x0620, 0x0620,
    0x0620, 0x0620, 0x0620, 0x0620, 0x0620, 0x0600, 0x0600, 0x0600, 0x0600, 0x0600,
    0x0600, 0x0600, 0x0600, 0x0600, 0x0600, 0x05E0, 0x05E0, 0x05E0, 0x05E0, 0x05E0,
    0x05E0, 0x05E0, 0x05E0, 0x05E0, 0x05E0, 0x05E0, 0x05E0, 0x05E0, 0x05E0, 0x05E0,
    0x05C0, 0x05C0, 0x05C0, 0x05C0, 0x05C0, 0x05C0, 0x05C0, 0x05C0, 0x05C0, 0x05C0,
    0x05A0, 0x05A0, 0x05A0, 0x05A0, 0x05A0, 0x05A0, 0x05A0, 0x05A0, 0x05A0, 0x05A0
};

// Volume block 05
const uint16_t ui_volume_block_05[VOLUME_BLOCK_WIDTH * VOLUME_BLOCK_HEIGHT] = {
    0x07E0, 0x07E0, 0x07E0, 0x07E0, 0x07E0, 0x07E0, 0x07E0, 0x07E0, 0x07E0, 0x07E0,
    0x07C0, 0x07C0, 0x07C0, 0x07C0, 0x07C0, 0x07C0, 0x07C0, 0x07C0, 0x07C0, 0x07C0,
    0x07A0, 0x07A0, 0x07A0, 0x07A0, 0x07A0, 0x07A0, 0x07A0, 0x07A0, 0x07A0, 0x07A0,
    0x0780, 0x0780, 0x0780, 0x0780, 0x0780, 0x0780, 0x0780, 0x0780, 0x0780, 0x0780,
    0x0760, 0x0760, 0x0760, 0x0760, 0x0760, 0x0760, 0x0760, 0x0760, 0x0760, 0x0760,
    0x0740, 0x0740, 0x0740, 0x0740, 0x0740, 0x0740, 0x0740, 0x0740, 0x0740, 0x0740,
    0x0740, 0x0740, 0x0740, 0x0740, 0x0740, 0x0720, 0x0720, 0x0720, 0x0720, 0x0720,
    0x0720, 0x0720, 0x0720, 0x0720, 0x0720, 0x0700, 0x0700, 0x0700, 0x0700, 0x0700,
    0x0700, 0x0700, 0x0700, 0x0700, 0x0700, 0x06E0, 0x06E0, 0x06E0, 0x06E0, 0x06E0,
    0x06E0, 0x06E0, 0x06E0, 0x06E0, 0x06E0, 0x06C0, 0x06C0, 0x06C0, 0x06C0, 0x06C0,
    0x06C0, 0x06C0, 0x06C0, 0x06C0, 0x06C0, 0x06A0, 0x06A0, 0x06A0, 0x06A0, 0x06A0,
    0x06A0, 0x06A0, 0x06A0, 0x06A0, 0x06A0, 0x0680, 0x0680, 0x0680, 0x0680, 0x0680,
    0x0680, 0x0680, 0x0680, 0x0680, 0x0680, 0x0660, 0x0660, 0x0660, 0x0660, 0x0660,
    0x0660, 0x0660, 0x0660, 0x0660, 0x0660, 0x0640, 0x0640, 0x0640, 0x0640, 0x0640,
    0x0640, 0x0640, 0x0640, 0x0640, 0x0640, 0x0620, 0x0620, 0x0620, 0x0620, 0x0620,
    0x0620, 0x0620, 0x0620, 0x0620, 0x0620, 0x0600, 0x0600, 0x0600, 0x0600, 0x0600,
    0x0600, 0x0600, 0x0600, 0x0600, 0x0600, 0x05E0, 0x05E0, 0x05E0, 0x05E0, 0x05E0,
    0x05E0, 0x05E0, 0x05E0, 0x05E0, 0x05E0, 0x05E0, 0x05E0, 0x05E0, 0x05E0, 0x05E0,
    0x05C0, 0x05C0, 0x05C0, 0x05C0, 0x05C0, 0x05C0, 0x05C0, 0x05C0, 0x05C0, 0x05C0,
    0x05A0, 0x05A0, 0x05A0, 0x05A0, 0x05A0, 0x05A0, 0x05A0, 0x05A0, 0x05A0, 0x05A0
};

// Volume block 06
const uint16_t ui_volume_block_06[VOLUME_BLOCK_WIDTH * VOLUME_BLOCK_HEIGHT] = {
    0x07E0, 0x07E0, 0x07E0, 0x07E0, 0x07E0, 0x07E0, 0x07E0, 0x07E0, 0x07E0, 0x07E0,
    0x07C0, 0x07C0, 0x07C0, 0x07C0, 0x07C0, 0x07C0, 0x07C0, 0x07C0, 0x07C0, 0x07C0,
    0x07A0, 0x07A0, 0x07A0, 0x07A0, 0x07A0, 0x07A0, 0x07A0, 0x07A0, 0x07A0, 0x07A0,
    0x0780, 0x0780, 0x0780, 0x0780, 0x0780, 0x0780, 0x0780, 0x0780, 0x0780, 0x0780,
    0x0760, 0x0760, 0x0760, 0x0760, 0x0760, 0x0760, 0x0760, 0x0760, 0x0760, 0x0760,
    0x0740, 0x0740, 0x0740, 0x0740, 0x0740, 0x0740, 0x0740, 0x0740, 0x0740, 0x0740,
    0x0740, 0x0740, 0x0740, 0x0740, 0x0740, 0x0720, 0x0720, 0x0720, 0x0720, 0x0720,
    0x0720, 0x0720, 0x0720, 0x0720, 0x0720, 0x0700, 0x0700, 0x0700, 0x0700, 0x0700,
    0x0700, 0x0700, 0x0700, 0x0700, 0x0700, 0x06E0, 0x06E0, 0x06E0, 0x06E0, 0x06E0,
    0x06E0, 0x06E0, 0x06E0, 0x06E0, 0x06E0, 0x06C0, 0x06C0, 0x06C0, 0x06C0, 0x06C0,
    0x06C0, 0x06C0, 0x06C0, 0x06C0, 0x06C0, 0x06A0, 0x06A0, 0x06A0, 0x06A0, 0x06A0,
    0x06A0, 0x06A0, 0x06A0, 0x06A0, 0x06A0, 0x0680, 0x0680, 0x0680, 0x0680, 0x0680,
    0x0680, 0x0680, 0x0680, 0x0680, 0x0680, 0x0660, 0x0660, 0x0660, 0x0660, 0x0660,
    0x0660, 0x0660, 0x0660, 0x0660, 0x0660, 0x0640, 0x0640, 0x0640, 0x0640, 0x0640,
    0x0640, 0x0640, 0x0640, 0x0640, 0x0640, 0x0620, 0x0620, 0x0620, 0x0620, 0x0620,
    0x0620, 0x0620, 0x0620, 0x0620, 0x0620, 0x0600, 0x0600, 0x0600, 0x0600, 0x0600,
    0x0600, 0x0600, 0x0600, 0x0600, 0x0600, 0x05E0, 0x05E0, 0x05E0, 0x05E0, 0x05E0,
    0x05E0, 0x05E0, 0x05E0, 0x05E0, 0x05E0, 0x05E0, 0x05E0, 0x05E0, 0x05E0, 0x05E0,
    0x05C0, 0x05C0, 0x05C0, 0x05C0, 0x05C0, 0x05C0, 0x05C0, 0x05C0, 0x05C0, 0x05C0,
    0x05A0, 0x05A0, 0x05A0, 0x05A0, 0x05A0, 0x05A0, 0x05A0, 0x05A0, 0x05A0, 0x05A0
};

// Volume block 07
const uint16_t ui_volume_block_07[VOLUME_BLOCK_WIDTH * VOLUME_BLOCK_HEIGHT] = {
    0x07E0, 0x07E0, 0x07E0, 0x07E0, 0x07E0, 0x07E0, 0x07E0, 0x07E0, 0x07E0, 0x07E0,
    0x07C0, 0x07C0, 0x07C0, 0x07C0, 0x07C0, 0x07C0, 0x07C0, 0x07C0, 0x07C0, 0x07C0,
    0x07A0, 0x07A0, 0x07A0, 0x07A0, 0x07A0, 0x07A0, 0x07A0, 0x07A0, 0x07A0, 0x07A0,
    0x0780, 0x0780, 0x0780, 0x0780, 0x0780, 0x0780, 0x0780, 0x0780, 0x0780, 0x0780,
    0x0760, 0x0760, 0x0760, 0x0760, 0x0760, 0x0760, 0x0760, 0x0760, 0x0760, 0x0760,
    0x0740, 0x0740, 0x0740, 0x0740, 0x0740, 0x0740, 0x0740, 0x0740, 0x0740, 0x0740,
    0x0740, 0x0740, 0x0740, 0x0740, 0x0740, 0x0720, 0x0720, 0x0720, 0x0720, 0x0720,
    0x0720, 0x0720, 0x0720, 0x0720, 0x0720, 0x0700, 0x0700, 0x0700, 0x0700, 0x0700,
    0x0700, 0x0700, 0x0700, 0x0700, 0x0700, 0x06E0, 0x06E0, 0x06E0, 0x06E0, 0x06E0,
    0x06E0, 0x06E0, 0x06E0, 0x06E0, 0x06E0, 0x06C0, 0x06C0, 0x06C0, 0x06C0, 0x06C0,
    0x06C0, 0x06C0, 0x06C0, 0x06C0, 0x06C0, 0x06A0, 0x06A0, 0x06A0, 0x06A0, 0x06A0,
    0x06A0, 0x06A0, 0x06A0, 0x06A0, 0x06A0, 0x0680, 0x0680, 0x0680, 0x0680, 0x0680,
    0x0680, 0x0680, 0x0680, 0x0680, 0x0680, 0x0660, 0x0660, 0x0660, 0x0660, 0x0660,
    0x0660, 0x0660, 0x0660, 0x0660, 0x0660, 0x0640, 0x0640, 0x0640, 0x0640, 0x0640,
    0x0640, 0x0640, 0x0640, 0x0640, 0x0640, 0x0620, 0x0620, 0x0620, 0x0620, 0x0620,
    0x0620, 0x0620, 0x0620, 0x0620, 0x0620, 0x0600, 0x0600, 0x0600, 0x0600, 0x0600,
    0x0600, 0x0600, 0x0600, 0x0600, 0x0600, 0x05E0, 0x05E0, 0x05E0, 0x05E0, 0x05E0,
    0x05E0, 0x05E0, 0x05E0, 0x05E0, 0x05E0, 0x05E0, 0x05E0, 0x05E0, 0x05E0, 0x05E0,
    0x05C0, 0x05C0, 0x05C0, 0x05C0, 0x05C0, 0x05C0, 0x05C0, 0x05C0, 0x05C0, 0x05C0,
    0x05A0, 0x05A0, 0x05A0, 0x05A0, 0x05A0, 0x05A0, 0x05A0, 0x05A0, 0x05A0, 0x05A0
};

// Volume block 08
const uint16_t ui_volume_block_08[VOLUME_BLOCK_WIDTH * VOLUME_BLOCK_HEIGHT] = {
    0x07E0, 0x07E0, 0x07E0, 0x07E0, 0x07E0, 0x07E0, 0x07E0, 0x07E0, 0x07E0, 0x07E0,
    0x07C0, 0x07C0, 0x07C0, 0x07C0, 0x07C0, 0x07C0, 0x07C0, 0x07C0, 0x07C0, 0x07C0,
    0x07A0, 0x07A0, 0x07A0, 0x07A0, 0x07A0, 0x07A0, 0x07A0, 0x07A0, 0x07A0, 0x07A0,
    0x0780, 0x0780, 0x0780, 0x0780, 0x0780, 0x0780, 0x0780, 0x0780, 0x0780, 0x0780,
    0x0760, 0x0760, 0x0760, 0x0760, 0x0760, 0x0760, 0x0760, 0x0760, 0x0760, 0x0760,
    0x0740, 0x0740, 0x0740, 0x0740, 0x0740, 0x0740, 0x0740, 0x0740, 0x0740, 0x0740,
    0x0740, 0x0740, 0x0740, 0x0740, 0x0740, 0x0720, 0x0720, 0x0720, 0x0720, 0x0720,
    0x0720, 0x0720, 0x0720, 0x0720, 0x0720, 0x0700, 0x0700, 0x0700, 0x0700, 0x0700,
    0x0700, 0x0700, 0x0700, 0x0700, 0x0700, 0x06E0, 0x06E0, 0x06E0, 0x06E0, 0x06E0,
    0x06E0, 0x06E0, 0x06E0, 0x06E0, 0x06E0, 0x06C0, 0x06C0, 0x06C0, 0x06C0, 0x06C0,
    0x06C0, 0x06C0, 0x06C0, 0x06C0, 0x06C0, 0x06A0, 0x06A0, 0x06A0, 0x06A0, 0x06A0,
    0x06A0, 0x06A0, 0x06A0, 0x06A0, 0x06A0, 0x0680, 0x0680, 0x0680, 0x0680, 0x0680,
    0x0680, 0x0680, 0x0680, 0x0680, 0x0680, 0x0660, 0x0660, 0x0660, 0x0660, 0x0660,
    0x0660, 0x0660, 0x0660, 0x0660, 0x0660, 0x0640, 0x0640, 0x0640, 0x0640, 0x0640,
    0x0640, 0x0640, 0x0640, 0x0640, 0x0640, 0x0620, 0x0620, 0x0620, 0x0620, 0x0620,
    0x0620, 0x0620, 0x0620, 0x0620, 0x0620, 0x0600, 0x0600, 0x0600, 0x0600, 0x0600,
    0x0600, 0x0600, 0x0600, 0x0600, 0x0600, 0x05E0, 0x05E0, 0x05E0, 0x05E0, 0x05E0,
    0x05E0, 0x05E0, 0x05E0, 0x05E0, 0x05E0, 0x05E0, 0x05E0, 0x05E0, 0x05E0, 0x05E0,
    0x05C0, 0x05C0, 0x05C0, 0x05C0, 0x05C0, 0x05C0, 0x05C0, 0x05C0, 0x05C0, 0x05C0,
    0x05A0, 0x05A0, 0x05A0, 0x05A0, 0x05A0, 0x05A0, 0x05A0, 0x05A0, 0x05A0, 0x05A0
};

// Volume block 09
const uint16_t ui_volume_block_09[VOLUME_BLOCK_WIDTH * VOLUME_BLOCK_HEIGHT] = {
    0x07E0, 0x07E0, 0x07E0, 0x07E0, 0x07E0, 0x07E0, 0x07E0, 0x07E0, 0x07E0, 0x07E0,
    0x07C0, 0x07C0, 0x07C0, 0x07C0, 0x07C0, 0x07C0, 0x07C0, 0x07C0, 0x07C0, 0x07C0,
    0x07A0, 0x07A0, 0x07A0, 0x07A0, 0x07A0, 0x07A0, 0x07A0, 0x07A0, 0x07A0, 0x07A0,
    0x0780, 0x0780, 0x0780, 0x0780, 0x0780, 0x0780, 0x0780, 0x0780, 0x0780, 0x0780,
    0x0760, 0x0760, 0x0760, 0x0760, 0x0760, 0x0760, 0x0760, 0x0760, 0x0760, 0x0760,
    0x0740, 0x0740, 0x0740, 0x0740, 0x0740, 0x0740, 0x0740, 0x0740, 0x0740, 0x0740,
    0x0740, 0x0740, 0x0740, 0x0740, 0x0740, 0x0720, 0x0720, 0x0720, 0x0720, 0x0720,
    0x0720, 0x0720, 0x0720, 0x0720, 0x0720, 0x0700, 0x0700, 0x0700, 0x0700, 0x0700,
    0x0700, 0x0700, 0x0700, 0x0700, 0x0700, 0x06E0, 0x06E0, 0x06E0, 0x06E0, 0x06E0,
    0x06E0, 0x06E0, 0x06E0, 0x06E0, 0x06E0, 0x06C0, 0x06C0, 0x06C0, 0x06C0, 0x06C0,
    0x06C0, 0x06C0, 0x06C0, 0x06C0, 0x06C0, 0x06A0, 0x06A0, 0x06A0, 0x06A0, 0x06A0,
    0x06A0, 0x06A0, 0x06A0, 0x06A0, 0x06A0, 0x0680, 0x0680, 0x0680, 0x0680, 0x0680,
    0x0680, 0x0680, 0x0680, 0x0680, 0x0680, 0x0660, 0x0660, 0x0660, 0x0660, 0x0660,
    0x0660, 0x0660, 0x0660, 0x0660, 0x0660, 0x0640, 0x0640, 0x0640, 0x0640, 0x0640,
    0x0640, 0x0640, 0x0640, 0x0640, 0x0640, 0x0620, 0x0620, 0x0620, 0x0620, 0x0620,
    0x0620, 0x0620, 0x0620, 0x0620, 0x0620, 0x0600, 0x0600, 0x0600, 0x0600, 0x0600,
    0x0600, 0x0600, 0x0600, 0x0600, 0x0600, 0x05E0, 0x05E0, 0x05E0, 0x05E0, 0x05E0,
    0x05E0, 0x05E0, 0x05E0, 0x05E0, 0x05E0, 0x05E0, 0x05E0, 0x05E0, 0x05E0, 0x05E0,
    0x05C0, 0x05C0, 0x05C0, 0x05C0, 0x05C0, 0x05C0, 0x05C0, 0x05C0, 0x05C0, 0x05C0,
    0x05A0, 0x05A0, 0x05A0, 0x05A0, 0x05A0, 0x05A0, 0x05A0, 0x05A0, 0x05A0, 0x05A0
};

// Volume block 10
const uint16_t ui_volume_block_10[VOLUME_BLOCK_WIDTH * VOLUME_BLOCK_HEIGHT] = {
    0x07E0, 0x07E0, 0x07E0, 0x07E0, 0x07E0, 0x07E0, 0x07E0, 0x07E0, 0x07E0, 0x07E0,
    0x07C0, 0x07C0, 0x07C0, 0x07C0, 0x07C0, 0x07C0, 0x07C0, 0x07C0, 0x07C0, 0x07C0,
    0x07A0, 0x07A0, 0x07A0, 0x07A0, 0x07A0, 0x07A0, 0x07A0, 0x07A0, 0x07A0, 0x07A0,
    0x0780, 0x0780, 0x0780, 0x0780, 0x0780, 0x0780, 0x0780, 0x0780, 0x0780, 0x0780,
    0x0760, 0x0760, 0x0760, 0x0760, 0x0760, 0x0760, 0x0760, 0x0760, 0x0760, 0x0760,
    0x0740, 0x0740, 0x0740, 0x0740, 0x0740, 0x0740, 0x0740, 0x0740, 0x0740, 0x0740,
    0x0740, 0x0740, 0x0740, 0x0740, 0x0740, 0x0720, 0x0720, 0x0720, 0x0720, 0x0720,
    0x0720, 0x0720, 0x0720, 0x0720, 0x0720, 0x0700, 0x0700, 0x0700, 0x0700, 0x0700,
    0x0700, 0x0700, 0x0700, 0x0700, 0x0700, 0x06E0, 0x06E0, 0x06E0, 0x06E0, 0x06E0,
    0x06E0, 0x06E0, 0x06E0, 0x06E0, 0x06E0, 0x06C0, 0x06C0, 0x06C0, 0x06C0, 0x06C0,
    0x06C0, 0x06C0, 0x06C0, 0x06C0, 0x06C0, 0x06A0, 0x06A0, 0x06A0, 0x06A0, 0x06A0,
    0x06A0, 0x06A0, 0x06A0, 0x06A0, 0x06A0, 0x0680, 0x0680, 0x0680, 0x0680, 0x0680,
    0x0680, 0x0680, 0x0680, 0x0680, 0x0680, 0x0660, 0x0660, 0x0660, 0x0660, 0x0660,
    0x0660, 0x0660, 0x0660, 0x0660, 0x0660, 0x0640, 0x0640, 0x0640, 0x0640, 0x0640,
    0x0640, 0x0640, 0x0640, 0x0640, 0x0640, 0x0620, 0x0620, 0x0620, 0x0620, 0x0620,
    0x0620, 0x0620, 0x0620, 0x0620, 0x0620, 0x0600, 0x0600, 0x0600, 0x0600, 0x0600,
    0x0600, 0x0600, 0x0600, 0x0600, 0x0600, 0x05E0, 0x05E0, 0x05E0, 0x05E0, 0x05E0,
    0x05E0, 0x05E0, 0x05E0, 0x05E0, 0x05E0, 0x05E0, 0x05E0, 0x05E0, 0x05E0, 0x05E0,
    0x05C0, 0x05C0, 0x05C0, 0x05C0, 0x05C0, 0x05C0, 0x05C0, 0x05C0, 0x05C0, 0x05C0,
    0x05A0, 0x05A0, 0x05A0, 0x05A0, 0x05A0, 0x05A0, 0x05A0, 0x05A0, 0x05A0, 0x05A0
};

// Volume block 11
const uint16_t ui_volume_block_11[VOLUME_BLOCK_WIDTH * VOLUME_BLOCK_HEIGHT] = {
    0x07E0, 0x07E0, 0x07E0, 0x07E0, 0x07E0, 0x07E0, 0x07E0, 0x07E0, 0x07E0, 0x07E0,
    0x07C0, 0x07C0, 0x07C0, 0x07C0, 0x07C0, 0x07C0, 0x07C0, 0x07C0, 0x07C0, 0x07C0,
    0x07A0, 0x07A0, 0x07A0, 0x07A0, 0x07A0, 0x07A0, 0x07A0, 0x07A0, 0x07A0, 0x07A0,
    0x0780, 0x0780, 0x0780, 0x0780, 0x0780, 0x0780, 0x0780, 0x0780, 0x0780, 0x0780,
    0x0760, 0x0760, 0x0760, 0x0760, 0x0760, 0x0760, 0x0760, 0x0760, 0x0760, 0x0760,
    0x0740, 0x0740, 0x0740, 0x0740, 0x0740, 0x0740, 0x0740, 0x0740, 0x0740, 0x0740,
    0x0740, 0x0740, 0x0740, 0x0740, 0x0740, 0x0720, 0x0720, 0x0720, 0x0720, 0x0720,
    0x0720, 0x0720, 0x0720, 0x0720, 0x0720, 0x0700, 0x0700, 0x0700, 0x0700, 0x0700,
    0x0700, 0x0700, 0x0700, 0x0700, 0x0700, 0x06E0, 0x06E0, 0x06E0, 0x06E0, 0x06E0,
    0x06E0, 0x06E0, 0x06E0, 0x06E0, 0x06E0, 0x06C0, 0x06C0, 0x06C0, 0x06C0, 0x06C0,
    0x06C0, 0x06C0, 0x06C0, 0x06C0, 0x06C0, 0x06A0, 0x06A0, 0x06A0, 0x06A0, 0x06A0,
    0x06A0, 0x06A0, 0x06A0, 0x06A0, 0x06A0, 0x0680, 0x0680, 0x0680, 0x0680, 0x0680,
    0x0680, 0x0680, 0x0680, 0x0680, 0x0680, 0x0660, 0x0660, 0x0660, 0x0660, 0x0660,
    0x0660, 0x0660, 0x0660, 0x0660, 0x0660, 0x0640, 0x0640, 0x0640, 0x0640, 0x0640,
    0x0640, 0x0640, 0x0640, 0x0640, 0x0640, 0x0620, 0x0620, 0x0620, 0x0620, 0x0620,
    0x0620, 0x0620, 0x0620, 0x0620, 0x0620, 0x0600, 0x0600, 0x0600, 0x0600, 0x0600,
    0x0600, 0x0600, 0x0600, 0x0600, 0x0600, 0x05E0, 0x05E0, 0x05E0, 0x05E0, 0x05E0,
    0x05E0, 0x05E0, 0x05E0, 0x05E0, 0x05E0, 0x05E0, 0x05E0, 0x05E0, 0x05E0, 0x05E0,
    0x05C0, 0x05C0, 0x05C0, 0x05C0, 0x05C0, 0x05C0, 0x05C0, 0x05C0, 0x05C0, 0x05C0,
    0x05A0, 0x05A0, 0x05A0, 0x05A0, 0x05A0, 0x05A0, 0x05A0, 0x05A0, 0x05A0, 0x05A0
};

// Volume block 12
const uint16_t ui_volume_block_12[VOLUME_BLOCK_WIDTH * VOLUME_BLOCK_HEIGHT] = {
    0x07E0, 0x07E0, 0x07E0, 0x07E0, 0x07E0, 0x07E0, 0x07E0, 0x07E0, 0x07E0, 0x07E0,
    0x07C0, 0x07C0, 0x07C0, 0x07C0, 0x07C0, 0x07C0, 0x07C0, 0x07C0, 0x07C0, 0x07C0,
    0x07A0, 0x07A0, 0x07A0, 0x07A0, 0x07A0, 0x07A0, 0x07A0, 0x07A0, 0x07A0, 0x07A0,
    0x0780, 0x0780, 0x0780, 0x0780, 0x0780, 0x0780, 0x0780, 0x0780, 0x0780, 0x0780,
    0x0760, 0x0760, 0x0760, 0x0760, 0x0760, 0x0760, 0x0760, 0x0760, 0x0760, 0x0760,
    0x0740, 0x0740, 0x0740, 0x0740, 0x0740, 0x0740, 0x0740, 0x0740, 0x0740, 0x0740,
    0x0740, 0x0740, 0x0740, 0x0740, 0x0740, 0x0720, 0x0720, 0x0720, 0x0720, 0x0720,
    0x0720, 0x0720, 0x0720, 0x0720, 0x0720, 0x0700, 0x0700, 0x0700, 0x0700, 0x0700,
    0x0700, 0x0700, 0x0700, 0x0700, 0x0700, 0x06E0, 0x06E0, 0x06E0, 0x06E0, 0x06E0,
    0x06E0, 0x06E0, 0x06E0, 0x06E0, 0x06E0, 0x06C0, 0x06C0, 0x06C0, 0x06C0, 0x06C0,
    0x06C0, 0x06C0, 0x06C0, 0x06C0, 0x06C0, 0x06A0, 0x06A0, 0x06A0, 0x06A0, 0x06A0,
    0x06A0, 0x06A0, 0x06A0, 0x06A0, 0x06A0, 0x0680, 0x0680, 0x0680, 0x0680, 0x0680,
    0x0680, 0x0680, 0x0680, 0x0680, 0x0680, 0x0660, 0x0660, 0x0660, 0x0660, 0x0660,
    0x0660, 0x0660, 0x0660, 0x0660, 0x0660, 0x0640, 0x0640, 0x0640, 0x0640, 0x0640,
    0x0640, 0x0640, 0x0640, 0x0640, 0x0640, 0x0620, 0x0620, 0x0620, 0x0620, 0x0620,
    0x0620, 0x0620, 0x0620, 0x0620, 0x0620, 0x0600, 0x0600, 0x0600, 0x0600, 0x0600,
    0x0600, 0x0600, 0x0600, 0x0600, 0x0600, 0x05E0, 0x05E0, 0x05E0, 0x05E0, 0x05E0,
    0x05E0, 0x05E0, 0x05E0, 0x05E0, 0x05E0, 0x05E0, 0x05E0, 0x05E0, 0x05E0, 0x05E0,
    0x05C0, 0x05C0, 0x05C0, 0x05C0, 0x05C0, 0x05C0, 0x05C0, 0x05C0, 0x05C0, 0x05C0,
    0x05A0, 0x05A0, 0x05A0, 0x05A0, 0x05A0, 0x05A0, 0x05A0, 0x05A0, 0x05A0, 0x05A0
};

// Volume block 13
const uint16_t ui_volume_block_13[VOLUME_BLOCK_WIDTH * VOLUME_BLOCK_HEIGHT] = {
    0x07E0, 0x07E0, 0x07E0, 0x07E0, 0x07E0, 0x07E0, 0x07E0, 0x07E0, 0x07E0, 0x07E0,
    0x07C0, 0x07C0, 0x07C0, 0x07C0, 0x07C0, 0x07C0, 0x07C0, 0x07C0, 0x07C0, 0x07C0,
    0x07A0, 0x07A0, 0x07A0, 0x07A0, 0x07A0, 0x07A0, 0x07A0, 0x07A0, 0x07A0, 0x07A0,
    0x0780, 0x0780, 0x0780, 0x0780, 0x0780, 0x0780, 0x0780, 0x0780, 0x0780, 0x0780,
    0x0760, 0x0760, 0x0760, 0x0760, 0x0760, 0x0760, 0x0760, 0x0760, 0x0760, 0x0760,
    0x0740, 0x0740, 0x0740, 0x0740, 0x0740, 0x0740, 0x0740, 0x0740, 0x0740, 0x0740,
    0x0740, 0x0740, 0x0740, 0x0740, 0x0740, 0x0720, 0x0720, 0x0720, 0x0720, 0x0720,
    0x0720, 0x0720, 0x0720, 0x0720, 0x0720, 0x0700, 0x0700, 0x0700, 0x0700, 0x0700,
    0x0700, 0x0700, 0x0700, 0x0700, 0x0700, 0x06E0, 0x06E0, 0x06E0, 0x06E0, 0x06E0,
    0x06E0, 0x06E0, 0x06E0, 0x06E0, 0x06E0, 0x06C0, 0x06C0, 0x06C0, 0x06C0, 0x06C0,
    0x06C0, 0x06C0, 0x06C0, 0x06C0, 0x06C0, 0x06A0, 0x06A0, 0x06A0, 0x06A0, 0x06A0,
    0x06A0, 0x06A0, 0x06A0, 0x06A0, 0x06A0, 0x0680, 0x0680, 0x0680, 0x0680, 0x0680,
    0x0680, 0x0680, 0x0680, 0x0680, 0x0680, 0x0660, 0x0660, 0x0660, 0x0660, 0x0660,
    0x0660, 0x0660, 0x0660, 0x0660, 0x0660, 0x0640, 0x0640, 0x0640, 0x0640, 0x0640,
    0x0640, 0x0640, 0x0640, 0x0640, 0x0640, 0x0620, 0x0620, 0x0620, 0x0620, 0x0620,
    0x0620, 0x0620, 0x0620, 0x0620, 0x0620, 0x0600, 0x0600, 0x0600, 0x0600, 0x0600,
    0x0600, 0x0600, 0x0600, 0x0600, 0x0600, 0x05E0, 0x05E0, 0x05E0, 0x05E0, 0x05E0,
    0x05E0, 0x05E0, 0x05E0, 0x05E0, 0x05E0, 0x05E0, 0x05E0, 0x05E0, 0x05E0, 0x05E0,
    0x05C0, 0x05C0, 0x05C0, 0x05C0, 0x05C0, 0x05C0, 0x05C0, 0x05C0, 0x05C0, 0x05C0,
    0x05A0, 0x05A0, 0x05A0, 0x05A0, 0x05A0, 0x05A0, 0x05A0, 0x05A0, 0x05A0, 0x05A0
};

// Volume block 14
const uint16_t ui_volume_block_14[VOLUME_BLOCK_WIDTH * VOLUME_BLOCK_HEIGHT] = {
    0x07E0, 0x07E0, 0x07E0, 0x07E0, 0x07E0, 0x07E0, 0x07E0, 0x07E0, 0x07E0, 0x07E0,
    0x07C0, 0x07C0, 0x07C0, 0x07C0, 0x07C0, 0x07C0, 0x07C0, 0x07C0, 0x07C0, 0x07C0,
    0x07A0, 0x07A0, 0x07A0, 0x07A0, 0x07A0, 0x07A0, 0x07A0, 0x07A0, 0x07A0, 0x07A0,
    0x0780, 0x0780, 0x0780, 0x0780, 0x0780, 0x0780, 0x0780, 0x0780, 0x0780, 0x0780,
    0x0760, 0x0760, 0x0760, 0x0760, 0x0760, 0x0760, 0x0760, 0x0760, 0x0760, 0x0760,
    0x0740, 0x0740, 0x0740, 0x0740, 0x0740, 0x0740, 0x0740, 0x0740, 0x0740, 0x0740,
    0x0740, 0x0740, 0x0740, 0x0740, 0x0740, 0x0720, 0x0720, 0x0720, 0x0720, 0x0720,
    0x0720, 0x0720, 0x0720, 0x0720, 0x0720, 0x0700, 0x0700, 0x0700, 0x0700, 0x0700,
    0x0700, 0x0700, 0x0700, 0x0700, 0x0700, 0x06E0, 0x06E0, 0x06E0, 0x06E0, 0x06E0,
    0x06E0, 0x06E0, 0x06E0, 0x06E0, 0x06E0, 0x06C0, 0x06C0, 0x06C0, 0x06C0, 0x06C0,
    0x06C0, 0x06C0, 0x06C0, 0x06C0, 0x06C0, 0x06A0, 0x06A0, 0x06A0, 0x06A0, 0x06A0,
    0x06A0, 0x06A0, 0x06A0, 0x06A0, 0x06A0, 0x0680, 0x0680, 0x0680, 0x0680, 0x0680,
    0x0680, 0x0680, 0x0680, 0x0680, 0x0680, 0x0660, 0x0660, 0x0660, 0x0660, 0x0660,
    0x0660, 0x0660, 0x0660, 0x0660, 0x0660, 0x0640, 0x0640, 0x0640, 0x0640, 0x0640,
    0x0640, 0x0640, 0x0640, 0x0640, 0x0640, 0x0620, 0x0620, 0x0620, 0x0620, 0x0620,
    0x0620, 0x0620, 0x0620, 0x0620, 0x0620, 0x0600, 0x0600, 0x0600, 0x0600, 0x0600,
    0x0600, 0x0600, 0x0600, 0x0600, 0x0600, 0x05E0, 0x05E0, 0x05E0, 0x05E0, 0x05E0,
    0x05E0, 0x05E0, 0x05E0, 0x05E0, 0x05E0, 0x05E0, 0x05E0, 0x05E0, 0x05E0, 0x05E0,
    0x05C0, 0x05C0, 0x05C0, 0x05C0, 0x05C0, 0x05C0, 0x05C0, 0x05C0, 0x05C0, 0x05C0,
    0x05A0, 0x05A0, 0x05A0, 0x05A0, 0x05A0, 0x05A0, 0x05A0, 0x05A0, 0x05A0, 0x05A0
};

// Volume block 15
const uint16_t ui_volume_block_15[VOLUME_BLOCK_WIDTH * VOLUME_BLOCK_HEIGHT] = {
    0x07E0, 0x07E0, 0x07E0, 0x07E0, 0x07E0, 0x07E0, 0x07E0, 0x07E0, 0x07E0, 0x07E0,
    0x07C0, 0x07C0, 0x07C0, 0x07C0, 0x07C0, 0x07C0, 0x07C0, 0x07C0, 0x07C0, 0x07C0,
    0x07A0, 0x07A0, 0x07A0, 0x07A0, 0x07A0, 0x07A0, 0x07A0, 0x07A0, 0x07A0, 0x07A0,
    0x0780, 0x0780, 0x0780, 0x0780, 0x0780, 0x0780, 0x0780, 0x0780, 0x0780, 0x0780,
    0x0760, 0x0760, 0x0760, 0x0760, 0x0760, 0x0760, 0x0760, 0x0760, 0x0760, 0x0760,
    0x0740, 0x0740, 0x0740, 0x0740, 0x0740, 0x0740, 0x0740, 0x0740, 0x0740, 0x0740,
    0x0740, 0x0740, 0x0740, 0x0740, 0x0740, 0x0720, 0x0720, 0x0720, 0x0720, 0x0720,
    0x0720, 0x0720, 0x0720, 0x0720, 0x0720, 0x0700, 0x0700, 0x0700, 0x0700, 0x0700,
    0x0700, 0x0700, 0x0700, 0x0700, 0x0700, 0x06E0, 0x06E0, 0x06E0, 0x06E0, 0x06E0,
    0x06E0, 0x06E0, 0x06E0, 0x06E0, 0x06E0, 0x06C0, 0x06C0, 0x06C0, 0x06C0, 0x06C0,
    0x06C0, 0x06C0, 0x06C0, 0x06C0, 0x06C0, 0x06A0, 0x06A0, 0x06A0, 0x06A0, 0x06A0,
    0x06A0, 0x06A0, 0x06A0, 0x06A0, 0x06A0, 0x0680, 0x0680, 0x0680, 0x0680, 0x0680,
    0x0680, 0x0680, 0x0680, 0x0680, 0x0680, 0x0660, 0x0660, 0x0660, 0x0660, 0x0660,
    0x0660, 0x0660, 0x0660, 0x0660, 0x0660, 0x0640, 0x0640, 0x0640, 0x0640, 0x0640,
    0x0640, 0x0640, 0x0640, 0x0640, 0x0640, 0x0620, 0x0620, 0x0620, 0x0620, 0x0620,
    0x0620, 0x0620, 0x0620, 0x0620, 0x0620, 0x0600, 0x0600, 0x0600, 0x0600, 0x0600,
    0x0600, 0x0600, 0x0600, 0x0600, 0x0600, 0x05E0, 0x05E0, 0x05E0, 0x05E0, 0x05E0,
    0x05E0, 0x05E0, 0x05E0, 0x05E0, 0x05E0, 0x05E0, 0x05E0, 0x05E0, 0x05E0, 0x05E0,
    0x05C0, 0x05C0, 0x05C0, 0x05C0, 0x05C0, 0x05C0, 0x05C0, 0x05C0, 0x05C0, 0x05C0,
    0x05A0, 0x05A0, 0x05A0, 0x05A0, 0x05A0, 0x05A0, 0x05A0, 0x05A0, 0x05A0, 0x05A0
};

// Volume block 16
const uint16_t ui_volume_block_16[VOLUME_BLOCK_WIDTH * VOLUME_BLOCK_HEIGHT] = {
    0x07E0, 0x07E0, 0x07E0, 0x07E0, 0x07E0, 0x07E0, 0x07E0, 0x07E0, 0x07E0, 0x07E0,
    0x07C0, 0x07C0, 0x07C0, 0x07C0, 0x07C0, 0x07C0, 0x07C0, 0x07C0, 0x07C0, 0x07C0,
    0x07A0, 0x07A0, 0x07A0, 0x07A0, 0x07A0, 0x07A0, 0x07A0, 0x07A0, 0x07A0, 0x07A0,
    0x0780, 0x0780, 0x0780, 0x0780, 0x0780, 0x0780, 0x0780, 0x0780, 0x0780, 0x0780,
    0x0760, 0x0760, 0x0760, 0x0760, 0x0760, 0x0760, 0x0760, 0x0760, 0x0760, 0x0760,
    0x0740, 0x0740, 0x0740, 0x0740, 0x0740, 0x0740, 0x0740, 0x0740, 0x0740, 0x0740,
    0x0740, 0x0740, 0x0740, 0x0740, 0x0740, 0x0720, 0x0720, 0x0720, 0x0720, 0x0720,
    0x0720, 0x0720, 0x0720, 0x0720, 0x0720, 0x0700, 0x0700, 0x0700, 0x0700, 0x0700,
    0x0700, 0x0700, 0x0700, 0x0700, 0x0700, 0x06E0, 0x06E0, 0x06E0, 0x06E0, 0x06E0,
    0x06E0, 0x06E0, 0x06E0, 0x06E0, 0x06E0, 0x06C0, 0x06C0, 0x06C0, 0x06C0, 0x06C0,
    0x06C0, 0x06C0, 0x06C0, 0x06C0, 0x06C0, 0x06A0, 0x06A0, 0x06A0, 0x06A0, 0x06A0,
    0x06A0, 0x06A0, 0x06A0, 0x06A0, 0x06A0, 0x0680, 0x0680, 0x0680, 0x0680, 0x0680,
    0x0680, 0x0680, 0x0680, 0x0680, 0x0680, 0x0660, 0x0660, 0x0660, 0x0660, 0x0660,
    0x0660, 0x0660, 0x0660, 0x0660, 0x0660, 0x0640, 0x0640, 0x0640, 0x0640, 0x0640,
    0x0640, 0x0640, 0x0640, 0x0640, 0x0640, 0x0620, 0x0620, 0x0620, 0x0620, 0x0620,
    0x0620, 0x0620, 0x0620, 0x0620, 0x0620, 0x0600, 0x0600, 0x0600, 0x0600, 0x0600,
    0x0600, 0x0600, 0x0600, 0x0600, 0x0600, 0x05E0, 0x05E0, 0x05E0, 0x05E0, 0x05E0,
    0x05E0, 0x05E0, 0x05E0, 0x05E0, 0x05E0, 0x05E0, 0x05E0, 0x05E0, 0x05E0, 0x05E0,
    0x05C0, 0x05C0, 0x05C0, 0x05C0, 0x05C0, 0x05C0, 0x05C0, 0x05C0, 0x05C0, 0x05C0,
    0x05A0, 0x05A0, 0x05A0, 0x05A0, 0x05A0, 0x05A0, 0x05A0, 0x05A0, 0x05A0, 0x05A0
};

// Volume block 17
const uint16_t ui_volume_block_17[VOLUME_BLOCK_WIDTH * VOLUME_BLOCK_HEIGHT] = {
    0xFFE0, 0xFFE0, 0xFFE0, 0xFFE0, 0xFFE0, 0xFFE0, 0xFFE0, 0xFFE0, 0xFFE0, 0xFFE0,
    0xFFC0, 0xFFC0, 0xFFC0, 0xFFC0, 0xFFC0, 0xFFC0, 0xFFC0, 0xFFC0, 0xFFC0, 0xFFC0,
    0xF7A0, 0xF7A0, 0xF7A0, 0xF7A0, 0xF7A0, 0xF7A0, 0xF7A0, 0xF7A0, 0xF7A0, 0xF7A0,
    0xF780, 0xF780, 0xF780, 0xF780, 0xF780, 0xF780, 0xF780, 0xF780, 0xF780, 0xF780,
    0xEF60, 0xEF60, 0xEF60, 0xEF60, 0xEF60, 0xEF60, 0xEF60, 0xEF60, 0xEF60, 0xEF60,
    0xEF40, 0xEF40, 0xEF40, 0xEF40, 0xEF40, 0xEF40, 0xEF40, 0xEF40, 0xEF40, 0xEF40,
    0xEF40, 0xEF40, 0xEF40, 0xEF40, 0xEF40, 0xE720, 0xE720, 0xE720, 0xE720, 0xE720,
    0xE720, 0xE720, 0xE720, 0xE720, 0xE720, 0xE700, 0xE700, 0xE700, 0xE700, 0xE700,
    0xE700, 0xE700, 0xE700, 0xE700, 0xE700, 0xDEE0, 0xDEE0, 0xDEE0, 0xDEE0, 0xDEE0,
    0xDEE0, 0xDEE0, 0xDEE0, 0xDEE0, 0xDEE0, 0xDEC0, 0xDEC0, 0xDEC0, 0xDEC0, 0xDEC0,
    0xDEC0, 0xDEC0, 0xDEC0, 0xDEC0, 0xDEC0, 0xD6A0, 0xD6A0, 0xD6A0, 0xD6A0, 0xD6A0,
    0xD6A0, 0xD6A0, 0xD6A0, 0xD6A0, 0xD6A0, 0xD680, 0xD680, 0xD680, 0xD680, 0xD680,
    0xD680, 0xD680, 0xD680, 0xD680, 0xD680, 0xCE60, 0xCE60, 0xCE60, 0xCE60, 0xCE60,
    0xCE60, 0xCE60, 0xCE60, 0xCE60, 0xCE60, 0xCE40, 0xCE40, 0xCE40, 0xCE40, 0xCE40,
    0xCE40, 0xCE40, 0xCE40, 0xCE40, 0xCE40, 0xC620, 0xC620, 0xC620, 0xC620, 0xC620,
    0xC620, 0xC620, 0xC620, 0xC620, 0xC620, 0xC600, 0xC600, 0xC600, 0xC600, 0xC600,
    0xC600, 0xC600, 0xC600, 0xC600, 0xC600, 0xBDE0, 0xBDE0, 0xBDE0, 0xBDE0, 0xBDE0,
    0xBDE0, 0xBDE0, 0xBDE0, 0xBDE0, 0xBDE0, 0xBDE0, 0xBDE0, 0xBDE0, 0xBDE0, 0xBDE0,
    0xBDC0, 0xBDC0, 0xBDC0, 0xBDC0, 0xBDC0, 0xBDC0, 0xBDC0, 0xBDC0, 0xBDC0, 0xBDC0,
    0xB5A0, 0xB5A0, 0xB5A0, 0xB5A0, 0xB5A0, 0xB5A0, 0xB5A0, 0xB5A0, 0xB5A0, 0xB5A0
};

// Volume block 18
const uint16_t ui_volume_block_18[VOLUME_BLOCK_WIDTH * VOLUME_BLOCK_HEIGHT] = {
    0xFFE0, 0xFFE0, 0xFFE0, 0xFFE0, 0xFFE0, 0xFFE0, 0xFFE0, 0xFFE0, 0xFFE0, 0xFFE0,
    0xFFC0, 0xFFC0, 0xFFC0, 0xFFC0, 0xFFC0, 0xFFC0, 0xFFC0, 0xFFC0, 0xFFC0, 0xFFC0,
    0xF7A0, 0xF7A0, 0xF7A0, 0xF7A0, 0xF7A0, 0xF7A0, 0xF7A0, 0xF7A0, 0xF7A0, 0xF7A0,
    0xF780, 0xF780, 0xF780, 0xF780, 0xF780, 0xF780, 0xF780, 0xF780, 0xF780, 0xF780,
    0xEF60, 0xEF60, 0xEF60, 0xEF60, 0xEF60, 0xEF60, 0xEF60, 0xEF60, 0xEF60, 0xEF60,
    0xEF40, 0xEF40, 0xEF40, 0xEF40, 0xEF40, 0xEF40, 0xEF40, 0xEF40, 0xEF40, 0xEF40,
    0xEF40, 0xEF40, 0xEF40, 0xEF40, 0xEF40, 0xE720, 0xE720, 0xE720, 0xE720, 0xE720,
    0xE720, 0xE720, 0xE720, 0xE720, 0xE720, 0xE700, 0xE700, 0xE700, 0xE700, 0xE700,
    0xE700, 0xE700, 0xE700, 0xE700, 0xE700, 0xDEE0, 0xDEE0, 0xDEE0, 0xDEE0, 0xDEE0,
    0xDEE0, 0xDEE0, 0xDEE0, 0xDEE0, 0xDEE0, 0xDEC0, 0xDEC0, 0xDEC0, 0xDEC0, 0xDEC0,
    0xDEC0, 0xDEC0, 0xDEC0, 0xDEC0, 0xDEC0, 0xD6A0, 0xD6A0, 0xD6A0, 0xD6A0, 0xD6A0,
    0xD6A0, 0xD6A0, 0xD6A0, 0xD6A0, 0xD6A0, 0xD680, 0xD680, 0xD680, 0xD680, 0xD680,
    0xD680, 0xD680, 0xD680, 0xD680, 0xD680, 0xCE60, 0xCE60, 0xCE60, 0xCE60, 0xCE60,
    0xCE60, 0xCE60, 0xCE60, 0xCE60, 0xCE60, 0xCE40, 0xCE40, 0xCE40, 0xCE40, 0xCE40,
    0xCE40, 0xCE40, 0xCE40, 0xCE40, 0xCE40, 0xC620, 0xC620, 0xC620, 0xC620, 0xC620,
    0xC620, 0xC620, 0xC620, 0xC620, 0xC620, 0xC600, 0xC600, 0xC600, 0xC600, 0xC600,
    0xC600, 0xC600, 0xC600, 0xC600, 0xC600, 0xBDE0, 0xBDE0, 0xBDE0, 0xBDE0, 0xBDE0,
    0xBDE0, 0xBDE0, 0xBDE0, 0xBDE0, 0xBDE0, 0xBDE0, 0xBDE0, 0xBDE0, 0xBDE0, 0xBDE0,
    0xBDC0, 0xBDC0, 0xBDC0, 0xBDC0, 0xBDC0, 0xBDC0, 0xBDC0, 0xBDC0, 0xBDC0, 0xBDC0,
    0xB5A0, 0xB5A0, 0xB5A0, 0xB5A0, 0xB5A0, 0xB5A0, 0xB5A0, 0xB5A0, 0xB5A0, 0xB5A0
};

// Volume block 19
const uint16_t ui_volume_block_19[VOLUME_BLOCK_WIDTH * VOLUME_BLOCK_HEIGHT] = {
    0xFFE0, 0xFFE0, 0xFFE0, 0xFFE0, 0xFFE0, 0xFFE0, 0xFFE0, 0xFFE0, 0xFFE0, 0xFFE0,
    0xFFC0, 0xFFC0, 0xFFC0, 0xFFC0, 0xFFC0, 0xFFC0, 0xFFC0, 0xFFC0, 0xFFC0, 0xFFC0,
    0xF7A0, 0xF7A0, 0xF7A0, 0xF7A0, 0xF7A0, 0xF7A0, 0xF7A0, 0xF7A0, 0xF7A0, 0xF7A0,
    0xF780, 0xF780, 0xF780, 0xF780, 0xF780, 0xF780, 0xF780, 0xF780, 0xF780, 0xF780,
    0xEF60, 0xEF60, 0xEF60, 0xEF60, 0xEF60, 0xEF60, 0xEF60, 0xEF60, 0xEF60, 0xEF60,
    0xEF40, 0xEF40, 0xEF40, 0xEF40, 0xEF40, 0xEF40, 0xEF40, 0xEF40, 0xEF40, 0xEF40,
    0xEF40, 0xEF40, 0xEF40, 0xEF40, 0xEF40, 0xE720, 0xE720, 0xE720, 0xE720, 0xE720,
    0xE720, 0xE720, 0xE720, 0xE720, 0xE720, 0xE700, 0xE700, 0xE700, 0xE700, 0xE700,
    0xE700, 0xE700, 0xE700, 0xE700, 0xE700, 0xDEE0, 0xDEE0, 0xDEE0, 0xDEE0, 0xDEE0,
    0xDEE0, 0xDEE0, 0xDEE0, 0xDEE0, 0xDEE0, 0xDEC0, 0xDEC0, 0xDEC0, 0xDEC0, 0xDEC0,
    0xDEC0, 0xDEC0, 0xDEC0, 0xDEC0, 0xDEC0, 0xD6A0, 0xD6A0, 0xD6A0, 0xD6A0, 0xD6A0,
    0xD6A0, 0xD6A0, 0xD6A0, 0xD6A0, 0xD6A0, 0xD680, 0xD680, 0xD680, 0xD680, 0xD680,
    0xD680, 0xD680, 0xD680, 0xD680, 0xD680, 0xCE60, 0xCE60, 0xCE60, 0xCE60, 0xCE60,
    0xCE60, 0xCE60, 0xCE60, 0xCE60, 0xCE60, 0xCE40, 0xCE40, 0xCE40, 0xCE40, 0xCE40,
    0xCE40, 0xCE40, 0xCE40, 0xCE40, 0xCE40, 0xC620, 0xC620, 0xC620, 0xC620, 0xC620,
    0xC620, 0xC620, 0xC620, 0xC620, 0xC620, 0xC600, 0xC600, 0xC600, 0xC600, 0xC600,
    0xC600, 0xC600, 0xC600, 0xC600, 0xC600, 0xBDE0, 0xBDE0, 0xBDE0, 0xBDE0, 0xBDE0,
    0xBDE0, 0xBDE0, 0xBDE0, 0xBDE0, 0xBDE0, 0xBDE0, 0xBDE0, 0xBDE0, 0xBDE0, 0xBDE0,
    0xBDC0, 0xBDC0, 0xBDC0, 0xBDC0, 0xBDC0, 0xBDC0, 0xBDC0, 0xBDC0, 0xBDC0, 0xBDC0,
    0xB5A0, 0xB5A0, 0xB5A0, 0xB5A0, 0xB5A0, 0xB5A0, 0xB5A0, 0xB5A0, 0xB5A0, 0xB5A0
};

// Volume block 20
const uint16_t ui_volume_block_20[VOLUME_BLOCK_WIDTH * VOLUME_BLOCK_HEIGHT] = {
    0xFFE0, 0xFFE0, 0xFFE0, 0xFFE0, 0xFFE0, 0xFFE0, 0xFFE0, 0xFFE0, 0xFFE0, 0xFFE0,
    0xFFC0, 0xFFC0, 0xFFC0, 0xFFC0, 0xFFC0, 0xFFC0, 0xFFC0, 0xFFC0, 0xFFC0, 0xFFC0,
    0xF7A0, 0xF7A0, 0xF7A0, 0xF7A0, 0xF7A0, 0xF7A0, 0xF7A0, 0xF7A0, 0xF7A0, 0xF7A0,
    0xF780, 0xF780, 0xF780, 0xF780, 0xF780, 0xF780, 0xF780, 0xF780, 0xF780, 0xF780,
    0xEF60, 0xEF60, 0xEF60, 0xEF60, 0xEF60, 0xEF60, 0xEF60, 0xEF60, 0xEF60, 0xEF60,
    0xEF40, 0xEF40, 0xEF40, 0xEF40, 0xEF40, 0xEF40, 0xEF40, 0xEF40, 0xEF40, 0xEF40,
    0xEF40, 0xEF40, 0xEF40, 0xEF40, 0xEF40, 0xE720, 0xE720, 0xE720, 0xE720, 0xE720,
    0xE720, 0xE720, 0xE720, 0xE720, 0xE720, 0xE700, 0xE700, 0xE700, 0xE700, 0xE700,
    0xE700, 0xE700, 0xE700, 0xE700, 0xE700, 0xDEE0, 0xDEE0, 0xDEE0, 0xDEE0, 0xDEE0,
    0xDEE0, 0xDEE0, 0xDEE0, 0xDEE0, 0xDEE0, 0xDEC0, 0xDEC0, 0xDEC0, 0xDEC0, 0xDEC0,
    0xDEC0, 0xDEC0, 0xDEC0, 0xDEC0, 0xDEC0, 0xD6A0, 0xD6A0, 0xD6A0, 0xD6A0, 0xD6A0,
    0xD6A0, 0xD6A0, 0xD6A0, 0xD6A0, 0xD6A0, 0xD680, 0xD680, 0xD680, 0xD680, 0xD680,
    0xD680, 0xD680, 0xD680, 0xD680, 0xD680, 0xCE60, 0xCE60, 0xCE60, 0xCE60, 0xCE60,
    0xCE60, 0xCE60, 0xCE60, 0xCE60, 0xCE60, 0xCE40, 0xCE40, 0xCE40, 0xCE40, 0xCE40,
    0xCE40, 0xCE40, 0xCE40, 0xCE40, 0xCE40, 0xC620, 0xC620, 0xC620, 0xC620, 0xC620,
    0xC620, 0xC620, 0xC620, 0xC620, 0xC620, 0xC600, 0xC600, 0xC600, 0xC600, 0xC600,
    0xC600, 0xC600, 0xC600, 0xC600, 0xC600, 0xBDE0, 0xBDE0, 0xBDE0, 0xBDE0, 0xBDE0,
    0xBDE0, 0xBDE0, 0xBDE0, 0xBDE0, 0xBDE0, 0xBDE0, 0xBDE0, 0xBDE0, 0xBDE0, 0xBDE0,
    0xBDC0, 0xBDC0, 0xBDC0, 0xBDC0, 0xBDC0, 0xBDC0, 0xBDC0, 0xBDC0, 0xBDC0, 0xBDC0,
    0xB5A0, 0xB5A0, 0xB5A0, 0xB5A0, 0xB5A0, 0xB5A0, 0xB5A0, 0xB5A0, 0xB5A0, 0xB5A0
};

// Volume block 21
const uint16_t ui_volume_block_21[VOLUME_BLOCK_WIDTH * VOLUME_BLOCK_HEIGHT] = {
    0xFFE0, 0xFFE0, 0xFFE0, 0xFFE0, 0xFFE0, 0xFFE0, 0xFFE0, 0xFFE0, 0xFFE0, 0xFFE0,
    0xFFC0, 0xFFC0, 0xFFC0, 0xFFC0, 0xFFC0, 0xFFC0, 0xFFC0, 0xFFC0, 0xFFC0, 0xFFC0,
    0xF7A0, 0xF7A0, 0xF7A0, 0xF7A0, 0xF7A0, 0xF7A0, 0xF7A0, 0xF7A0, 0xF7A0, 0xF7A0,
    0xF780, 0xF780, 0xF780, 0xF780, 0xF780, 0xF780, 0xF780, 0xF780, 0xF780, 0xF780,
    0xEF60, 0xEF60, 0xEF60, 0xEF60, 0xEF60, 0xEF60, 0xEF60, 0xEF60, 0xEF60, 0xEF60,
    0xEF40, 0xEF40, 0xEF40, 0xEF40, 0xEF40, 0xEF40, 0xEF40, 0xEF40, 0xEF40, 0xEF40,
    0xEF40, 0xEF40, 0xEF40, 0xEF40, 0xEF40, 0xE720, 0xE720, 0xE720, 0xE720, 0xE720,
    0xE720, 0xE720, 0xE720, 0xE720, 0xE720, 0xE700, 0xE700, 0xE700, 0xE700, 0xE700,
    0xE700, 0xE700, 0xE700, 0xE700, 0xE700, 0xDEE0, 0xDEE0, 0xDEE0, 0xDEE0, 0xDEE0,
    0xDEE0, 0xDEE0, 0xDEE0, 0xDEE0, 0xDEE0, 0xDEC0, 0xDEC0, 0xDEC0, 0xDEC0, 0xDEC0,
    0xDEC0, 0xDEC0, 0xDEC0, 0xDEC0, 0xDEC0, 0xD6A0, 0xD6A0, 0xD6A0, 0xD6A0, 0xD6A0,
    0xD6A0, 0xD6A0, 0xD6A0, 0xD6A0, 0xD6A0, 0xD680, 0xD680, 0xD680, 0xD680, 0xD680,
    0xD680, 0xD680, 0xD680, 0xD680, 0xD680, 0xCE60, 0xCE60, 0xCE60, 0xCE60, 0xCE60,
    0xCE60, 0xCE60, 0xCE60, 0xCE60, 0xCE60, 0xCE40, 0xCE40, 0xCE40, 0xCE40, 0xCE40,
    0xCE40, 0xCE40, 0xCE40, 0xCE40, 0xCE40, 0xC620, 0xC620, 0xC620, 0xC620, 0xC620,
    0xC620, 0xC620, 0xC620, 0xC620, 0xC620, 0xC600, 0xC600, 0xC600, 0xC600, 0xC600,
    0xC600, 0xC600, 0xC600, 0xC600, 0xC600, 0xBDE0, 0xBDE0, 0xBDE0, 0xBDE0, 0xBDE0,
    0xBDE0, 0xBDE0, 0xBDE0, 0xBDE0, 0xBDE0, 0xBDE0, 0xBDE0, 0xBDE0, 0xBDE0, 0xBDE0,
    0xBDC0, 0xBDC0, 0xBDC0, 0xBDC0, 0xBDC0, 0xBDC0, 0xBDC0, 0xBDC0, 0xBDC0, 0xBDC0,
    0xB5A0, 0xB5A0, 0xB5A0, 0xB5A0, 0xB5A0, 0xB5A0, 0xB5A0, 0xB5A0, 0xB5A0, 0xB5A0
};

// Volume block 22
const uint16_t ui_volume_block_22[VOLUME_BLOCK_WIDTH * VOLUME_BLOCK_HEIGHT] = {
    0xFFE0, 0xFFE0, 0xFFE0, 0xFFE0, 0xFFE0, 0xFFE0, 0xFFE0, 0xFFE0, 0xFFE0, 0xFFE0,
    0xFFC0, 0xFFC0, 0xFFC0, 0xFFC0, 0xFFC0, 0xFFC0, 0xFFC0, 0xFFC0, 0xFFC0, 0xFFC0,
    0xF7A0, 0xF7A0, 0xF7A0, 0xF7A0, 0xF7A0, 0xF7A0, 0xF7A0, 0xF7A0, 0xF7A0, 0xF7A0,
    0xF780, 0xF780, 0xF780, 0xF780, 0xF780, 0xF780, 0xF780, 0xF780, 0xF780, 0xF780,
    0xEF60, 0xEF60, 0xEF60, 0xEF60, 0xEF60, 0xEF60, 0xEF60, 0xEF60, 0xEF60, 0xEF60,
    0xEF40, 0xEF40, 0xEF40, 0xEF40, 0xEF40, 0xEF40, 0xEF40, 0xEF40, 0xEF40, 0xEF40,
    0xEF40, 0xEF40, 0xEF40, 0xEF40, 0xEF40, 0xE720, 0xE720, 0xE720, 0xE720, 0xE720,
    0xE720, 0xE720, 0xE720, 0xE720, 0xE720, 0xE700, 0xE700, 0xE700, 0xE700, 0xE700,
    0xE700, 0xE700, 0xE700, 0xE700, 0xE700, 0xDEE0, 0xDEE0, 0xDEE0, 0xDEE0, 0xDEE0,
    0xDEE0, 0xDEE0, 0xDEE0, 0xDEE0, 0xDEE0, 0xDEC0, 0xDEC0, 0xDEC0, 0xDEC0, 0xDEC0,
    0xDEC0, 0xDEC0, 0xDEC0, 0xDEC0, 0xDEC0, 0xD6A0, 0xD6A0, 0xD6A0, 0xD6A0, 0xD6A0,
    0xD6A0, 0xD6A0, 0xD6A0, 0xD6A0, 0xD6A0, 0xD680, 0xD680, 0xD680, 0xD680, 0xD680,
    0xD680, 0xD680, 0xD680, 0xD680, 0xD680, 0xCE60, 0xCE60, 0xCE60, 0xCE60, 0xCE60,
    0xCE60, 0xCE60, 0xCE60, 0xCE60, 0xCE60, 0xCE40, 0xCE40, 0xCE40, 0xCE40, 0xCE40,
    0xCE40, 0xCE40, 0xCE40, 0xCE40, 0xCE40, 0xC620, 0xC620, 0xC620, 0xC620, 0xC620,
    0xC620, 0xC620, 0xC620, 0xC620, 0xC620, 0xC600, 0xC600, 0xC600, 0xC600, 0xC600,
    0xC600, 0xC600, 0xC600, 0xC600, 0xC600, 0xBDE0, 0xBDE0, 0xBDE0, 0xBDE0, 0xBDE0,
    0xBDE0, 0xBDE0, 0xBDE0, 0xBDE0, 0xBDE0, 0xBDE0, 0xBDE0, 0xBDE0, 0xBDE0, 0xBDE0,
    0xBDC0, 0xBDC0, 0xBDC0, 0xBDC0, 0xBDC0, 0xBDC0, 0xBDC0, 0xBDC0, 0xBDC0, 0xBDC0,
    0xB5A0, 0xB5A0, 0xB5A0, 0xB5A0, 0xB5A0, 0xB5A0, 0xB5A0, 0xB5A0, 0xB5A0, 0xB5A0
};

// Volume block 23
const uint16_t ui_volume_block_23[VOLUME_BLOCK_WIDTH * VOLUME_BLOCK_HEIGHT] = {
    0xFFE0, 0xFFE0, 0xFFE0, 0xFFE0, 0xFFE0, 0xFFE0, 0xFFE0, 0xFFE0, 0xFFE0, 0xFFE0,
    0xFFC0, 0xFFC0, 0xFFC0, 0xFFC0, 0xFFC0, 0xFFC0, 0xFFC0, 0xFFC0, 0xFFC0, 0xFFC0,
    0xF7A0, 0xF7A0, 0xF7A0, 0xF7A0, 0xF7A0, 0xF7A0, 0xF7A0, 0xF7A0, 0xF7A0, 0xF7A0,
    0xF780, 0xF780, 0xF780, 0xF780, 0xF780, 0xF780, 0xF780, 0xF780, 0xF780, 0xF780,
    0xEF60, 0xEF60, 0xEF60, 0xEF60, 0xEF60, 0xEF60, 0xEF60, 0xEF60, 0xEF60, 0xEF60,
    0xEF40, 0xEF40, 0xEF40, 0xEF40, 0xEF40, 0xEF40, 0xEF40, 0xEF40, 0xEF40, 0xEF40,
    0xEF40, 0xEF40, 0xEF40, 0xEF40, 0xEF40, 0xE720, 0xE720, 0xE720, 0xE720, 0xE720,
    0xE720, 0xE720, 0xE720, 0xE720, 0xE720, 0xE700, 0xE700, 0xE700, 0xE700, 0xE700,
    0xE700, 0xE700, 0xE700, 0xE700, 0xE700, 0xDEE0, 0xDEE0, 0xDEE0, 0xDEE0, 0xDEE0,
    0xDEE0, 0xDEE0, 0xDEE0, 0xDEE0, 0xDEE0, 0xDEC0, 0xDEC0, 0xDEC0, 0xDEC0, 0xDEC0,
    0xDEC0, 0xDEC0, 0xDEC0, 0xDEC0, 0xDEC0, 0xD6A0, 0xD6A0, 0xD6A0, 0xD6A0, 0xD6A0,
    0xD6A0, 0xD6A0, 0xD6A0, 0xD6A0, 0xD6A0, 0xD680, 0xD680, 0xD680, 0xD680, 0xD680,
    0xD680, 0xD680, 0xD680, 0xD680, 0xD680, 0xCE60, 0xCE60, 0xCE60, 0xCE60, 0xCE60,
    0xCE60, 0xCE60, 0xCE60, 0xCE60, 0xCE60, 0xCE40, 0xCE40, 0xCE40, 0xCE40, 0xCE40,
    0xCE40, 0xCE40, 0xCE40, 0xCE40, 0xCE40, 0xC620, 0xC620, 0xC620, 0xC620, 0xC620,
    0xC620, 0xC620, 0xC620, 0xC620, 0xC620, 0xC600, 0xC600, 0xC600, 0xC600, 0xC600,
    0xC600, 0xC600, 0xC600, 0xC600, 0xC600, 0xBDE0, 0xBDE0, 0xBDE0, 0xBDE0, 0xBDE0,
    0xBDE0, 0xBDE0, 0xBDE0, 0xBDE0, 0xBDE0, 0xBDE0, 0xBDE0, 0xBDE0, 0xBDE0, 0xBDE0,
    0xBDC0, 0xBDC0, 0xBDC0, 0xBDC0, 0xBDC0, 0xBDC0, 0xBDC0, 0xBDC0, 0xBDC0, 0xBDC0,
    0xB5A0, 0xB5A0, 0xB5A0, 0xB5A0, 0xB5A0, 0xB5A0, 0xB5A0, 0xB5A0, 0xB5A0, 0xB5A0
};

// Volume block 24
const uint16_t ui_volume_block_24[VOLUME_BLOCK_WIDTH * VOLUME_BLOCK_HEIGHT] = {
    0xFFE0, 0xFFE0, 0xFFE0, 0xFFE0, 0xFFE0, 0xFFE0, 0xFFE0, 0xFFE0, 0xFFE0, 0xFFE0,
    0xFFC0, 0xFFC0, 0xFFC0, 0xFFC0, 0xFFC0, 0xFFC0, 0xFFC0, 0xFFC0, 0xFFC0, 0xFFC0,
    0xF7A0, 0xF7A0, 0xF7A0, 0xF7A0, 0xF7A0, 0xF7A0, 0xF7A0, 0xF7A0, 0xF7A0, 0xF7A0,
    0xF780, 0xF780, 0xF780, 0xF780, 0xF780, 0xF780, 0xF780, 0xF780, 0xF780, 0xF780,
    0xEF60, 0xEF60, 0xEF60, 0xEF60, 0xEF60, 0xEF60, 0xEF60, 0xEF60, 0xEF60, 0xEF60,
    0xEF40, 0xEF40, 0xEF40, 0xEF40, 0xEF40, 0xEF40, 0xEF40, 0xEF40, 0xEF40, 0xEF40,
    0xEF40, 0xEF40, 0xEF40, 0xEF40, 0xEF40, 0xE720, 0xE720, 0xE720, 0xE720, 0xE720,
    0xE720, 0xE720, 0xE720, 0xE720, 0xE720, 0xE700, 0xE700, 0xE700, 0xE700, 0xE700,
    0xE700, 0xE700, 0xE700, 0xE700, 0xE700, 0xDEE0, 0xDEE0, 0xDEE0, 0xDEE0, 0xDEE0,
    0xDEE0, 0xDEE0, 0xDEE0, 0xDEE0, 0xDEE0, 0xDEC0, 0xDEC0, 0xDEC0, 0xDEC0, 0xDEC0,
    0xDEC0, 0xDEC0, 0xDEC0, 0xDEC0, 0xDEC0, 0xD6A0, 0xD6A0, 0xD6A0, 0xD6A0, 0xD6A0,
    0xD6A0, 0xD6A0, 0xD6A0, 0xD6A0, 0xD6A0, 0xD680, 0xD680, 0xD680, 0xD680, 0xD680,
    0xD680, 0xD680, 0xD680, 0xD680, 0xD680, 0xCE60, 0xCE60, 0xCE60, 0xCE60, 0xCE60,
    0xCE60, 0xCE60, 0xCE60, 0xCE60, 0xCE60, 0xCE40, 0xCE40, 0xCE40, 0xCE40, 0xCE40,
    0xCE40, 0xCE40, 0xCE40, 0xCE40, 0xCE40, 0xC620, 0xC620, 0xC620, 0xC620, 0xC620,
    0xC620, 0xC620, 0xC620, 0xC620, 0xC620, 0xC600, 0xC600, 0xC600, 0xC600, 0xC600,
    0xC600, 0xC600, 0xC600, 0xC600, 0xC600, 0xBDE0, 0xBDE0, 0xBDE0, 0xBDE0, 0xBDE0,
    0xBDE0, 0xBDE0, 0xBDE0, 0xBDE0, 0xBDE0, 0xBDE0, 0xBDE0, 0xBDE0, 0xBDE0, 0xBDE0,
    0xBDC0, 0xBDC0, 0xBDC0, 0xBDC0, 0xBDC0, 0xBDC0, 0xBDC0, 0xBDC0, 0xBDC0, 0xBDC0,
    0xB5A0, 0xB5A0, 0xB5A0, 0xB5A0, 0xB5A0, 0xB5A0, 0xB5A0, 0xB5A0, 0xB5A0, 0xB5A0
};

// Volume block 25
const uint16_t ui_volume_block_25[VOLUME_BLOCK_WIDTH * VOLUME_BLOCK_HEIGHT] = {
    0xFD20, 0xFD20, 0xFD20, 0xFD20, 0xFD20, 0xFD00, 0xFD00, 0xFD00, 0xFD00, 0xFD00,
    0xFD00, 0xFD00, 0xFD00, 0xFD00, 0xFD00, 0xFD00, 0xFD00, 0xFD00, 0xFD00, 0xFD00,
    0xF500, 0xF500, 0xF500, 0xF500, 0xF500, 0xF4E0, 0xF4E0, 0xF4E0, 0xF4E0, 0xF4E0,
    0xF4E0, 0xF4E0, 0xF4E0, 0xF4E0, 0xF4E0, 0xF4E0, 0xF4E0, 0xF4E0, 0xF4E0, 0xF4E0,
    0xECC0, 0xECC0, 0xECC0, 0xECC0, 0xECC0, 0xECC0, 0xECC0, 0xECC0, 0xECC0, 0xECC0,
    0xECC0, 0xECC0, 0xECC0, 0xECC0, 0xECC0, 0xECA0, 0xECA0, 0xECA0, 0xECA0, 0xECA0,
    0xECA0, 0xECA0, 0xECA0, 0xECA0, 0xECA0, 0xE4A0, 0xE4A0, 0xE4A0, 0xE4A0, 0xE4A0,
    0xE480, 0xE480, 0xE480, 0xE480, 0xE480, 0xE480, 0xE480, 0xE480, 0xE480, 0xE480,
    0xE480, 0xE480, 0xE480, 0xE480, 0xE480, 0xDC60, 0xDC60, 0xDC60, 0xDC60, 0xDC60,
    0xDC60, 0xDC60, 0xDC60, 0xDC60, 0xDC60, 0xDC60, 0xDC60, 0xDC60, 0xDC60, 0xDC60,
    0xDC60, 0xDC60, 0xDC60, 0xDC60, 0xDC60, 0xD440, 0xD440, 0xD440, 0xD440, 0xD440,
    0xD440, 0xD440, 0xD440, 0xD440, 0xD440, 0xD440, 0xD440, 0xD440, 0xD440, 0xD440,
    0xD420, 0xD420, 0xD420, 0xD420, 0xD420, 0xCC20, 0xCC20, 0xCC20, 0xCC20, 0xCC20,
    0xCC20, 0xCC20, 0xCC20, 0xCC20, 0xCC20, 0xCC00, 0xCC00, 0xCC00, 0xCC00, 0xCC00,
    0xCC00, 0xCC00, 0xCC00, 0xCC00, 0xCC00, 0xC400, 0xC400, 0xC400, 0xC400, 0xC400,
    0xC3E0, 0xC3E0, 0xC3E0, 0xC3E0, 0xC3E0, 0xC3E0, 0xC3E0, 0xC3E0, 0xC3E0, 0xC3E0,
    0xC3E0, 0xC3E0, 0xC3E0, 0xC3E0, 0xC3E0, 0xBBE0, 0xBBE0, 0xBBE0, 0xBBE0, 0xBBE0,
    0xBBC0, 0xBBC0, 0xBBC0, 0xBBC0, 0xBBC0, 0xBBC0, 0xBBC0, 0xBBC0, 0xBBC0, 0xBBC0,
    0xBBC0, 0xBBC0, 0xBBC0, 0xBBC0, 0xBBC0, 0xBBA0, 0xBBA0, 0xBBA0, 0xBBA0, 0xBBA0,
    0xB3A0, 0xB3A0, 0xB3A0, 0xB3A0, 0xB3A0, 0xB3A0, 0xB3A0, 0xB3A0, 0xB3A0, 0xB3A0
};

// Volume block 26
const uint16_t ui_volume_block_26[VOLUME_BLOCK_WIDTH * VOLUME_BLOCK_HEIGHT] = {
    0xFD20, 0xFD20, 0xFD20, 0xFD20, 0xFD20, 0xFD00, 0xFD00, 0xFD00, 0xFD00, 0xFD00,
    0xFD00, 0xFD00, 0xFD00, 0xFD00, 0xFD00, 0xFD00, 0xFD00, 0xFD00, 0xFD00, 0xFD00,
    0xF500, 0xF500, 0xF500, 0xF500, 0xF500, 0xF4E0, 0xF4E0, 0xF4E0, 0xF4E0, 0xF4E0,
    0xF4E0, 0xF4E0, 0xF4E0, 0xF4E0, 0xF4E0, 0xF4E0, 0xF4E0, 0xF4E0, 0xF4E0, 0xF4E0,
    0xECC0, 0xECC0, 0xECC0, 0xECC0, 0xECC0, 0xECC0, 0xECC0, 0xECC0, 0xECC0, 0xECC0,
    0xECC0, 0xECC0, 0xECC0, 0xECC0, 0xECC0, 0xECA0, 0xECA0, 0xECA0, 0xECA0, 0xECA0,
    0xECA0, 0xECA0, 0xECA0, 0xECA0, 0xECA0, 0xE4A0, 0xE4A0, 0xE4A0, 0xE4A0, 0xE4A0,
    0xE480, 0xE480, 0xE480, 0xE480, 0xE480, 0xE480, 0xE480, 0xE480, 0xE480, 0xE480,
    0xE480, 0xE480, 0xE480, 0xE480, 0xE480, 0xDC60, 0xDC60, 0xDC60, 0xDC60, 0xDC60,
    0xDC60, 0xDC60, 0xDC60, 0xDC60, 0xDC60, 0xDC60, 0xDC60, 0xDC60, 0xDC60, 0xDC60,
    0xDC60, 0xDC60, 0xDC60, 0xDC60, 0xDC60, 0xD440, 0xD440, 0xD440, 0xD440, 0xD440,
    0xD440, 0xD440, 0xD440, 0xD440, 0xD440, 0xD440, 0xD440, 0xD440, 0xD440, 0xD440,
    0xD420, 0xD420, 0xD420, 0xD420, 0xD420, 0xCC20, 0xCC20, 0xCC20, 0xCC20, 0xCC20,
    0xCC20, 0xCC20, 0xCC20, 0xCC20, 0xCC20, 0xCC00, 0xCC00, 0xCC00, 0xCC00, 0xCC00,
    0xCC00, 0xCC00, 0xCC00, 0xCC00, 0xCC00, 0xC400, 0xC400, 0xC400, 0xC400, 0xC400,
    0xC3E0, 0xC3E0, 0xC3E0, 0xC3E0, 0xC3E0, 0xC3E0, 0xC3E0, 0xC3E0, 0xC3E0, 0xC3E0,
    0xC3E0, 0xC3E0, 0xC3E0, 0xC3E0, 0xC3E0, 0xBBE0, 0xBBE0, 0xBBE0, 0xBBE0, 0xBBE0,
    0xBBC0, 0xBBC0, 0xBBC0, 0xBBC0, 0xBBC0, 0xBBC0, 0xBBC0, 0xBBC0, 0xBBC0, 0xBBC0,
    0xBBC0, 0xBBC0, 0xBBC0, 0xBBC0, 0xBBC0, 0xBBA0, 0xBBA0, 0xBBA0, 0xBBA0, 0xBBA0,
    0xB3A0, 0xB3A0, 0xB3A0, 0xB3A0, 0xB3A0, 0xB3A0, 0xB3A0, 0xB3A0, 0xB3A0, 0xB3A0
};

// Volume block 27
const uint16_t ui_volume_block_27[VOLUME_BLOCK_WIDTH * VOLUME_BLOCK_HEIGHT] = {
    0xFD20, 0xFD20, 0xFD20, 0xFD20, 0xFD20, 0xFD00, 0xFD00, 0xFD00, 0xFD00, 0xFD00,
    0xFD00, 0xFD00, 0xFD00, 0xFD00, 0xFD00, 0xFD00, 0xFD00, 0xFD00, 0xFD00, 0xFD00,
    0xF500, 0xF500, 0xF500, 0xF500, 0xF500, 0xF4E0, 0xF4E0, 0xF4E0, 0xF4E0, 0xF4E0,
    0xF4E0, 0xF4E0, 0xF4E0, 0xF4E0, 0xF4E0, 0xF4E0, 0xF4E0, 0xF4E0, 0xF4E0, 0xF4E0,
    0xECC0, 0xECC0, 0xECC0, 0xECC0, 0xECC0, 0xECC0, 0xECC0, 0xECC0, 0xECC0, 0xECC0,
    0xECC0, 0xECC0, 0xECC0, 0xECC0, 0xECC0, 0xECA0, 0xECA0, 0xECA0, 0xECA0, 0xECA0,
    0xECA0, 0xECA0, 0xECA0, 0xECA0, 0xECA0, 0xE4A0, 0xE4A0, 0xE4A0, 0xE4A0, 0xE4A0,
    0xE480, 0xE480, 0xE480, 0xE480, 0xE480, 0xE480, 0xE480, 0xE480, 0xE480, 0xE480,
    0xE480, 0xE480, 0xE480, 0xE480, 0xE480, 0xDC60, 0xDC60, 0xDC60, 0xDC60, 0xDC60,
    0xDC60, 0xDC60, 0xDC60, 0xDC60, 0xDC60, 0xDC60, 0xDC60, 0xDC60, 0xDC60, 0xDC60,
    0xDC60, 0xDC60, 0xDC60, 0xDC60, 0xDC60, 0xD440, 0xD440, 0xD440, 0xD440, 0xD440,
    0xD440, 0xD440, 0xD440, 0xD440, 0xD440, 0xD440, 0xD440, 0xD440, 0xD440, 0xD440,
    0xD420, 0xD420, 0xD420, 0xD420, 0xD420, 0xCC20, 0xCC20, 0xCC20, 0xCC20, 0xCC20,
    0xCC20, 0xCC20, 0xCC20, 0xCC20, 0xCC20, 0xCC00, 0xCC00, 0xCC00, 0xCC00, 0xCC00,
    0xCC00, 0xCC00, 0xCC00, 0xCC00, 0xCC00, 0xC400, 0xC400, 0xC400, 0xC400, 0xC400,
    0xC3E0, 0xC3E0, 0xC3E0, 0xC3E0, 0xC3E0, 0xC3E0, 0xC3E0, 0xC3E0, 0xC3E0, 0xC3E0,
    0xC3E0, 0xC3E0, 0xC3E0, 0xC3E0, 0xC3E0, 0xBBE0, 0xBBE0, 0xBBE0, 0xBBE0, 0xBBE0,
    0xBBC0, 0xBBC0, 0xBBC0, 0xBBC0, 0xBBC0, 0xBBC0, 0xBBC0, 0xBBC0, 0xBBC0, 0xBBC0,
    0xBBC0, 0xBBC0, 0xBBC0, 0xBBC0, 0xBBC0, 0xBBA0, 0xBBA0, 0xBBA0, 0xBBA0, 0xBBA0,
    0xB3A0, 0xB3A0, 0xB3A0, 0xB3A0, 0xB3A0, 0xB3A0, 0xB3A0, 0xB3A0, 0xB3A0, 0xB3A0
};

// Volume block 28
const uint16_t ui_volume_block_28[VOLUME_BLOCK_WIDTH * VOLUME_BLOCK_HEIGHT] = {
    0xFD20, 0xFD20, 0xFD20, 0xFD20, 0xFD20, 0xFD00, 0xFD00, 0xFD00, 0xFD00, 0xFD00,
    0xFD00, 0xFD00, 0xFD00, 0xFD00, 0xFD00, 0xFD00, 0xFD00, 0xFD00, 0xFD00, 0xFD00,
    0xF500, 0xF500, 0xF500, 0xF500, 0xF500, 0xF4E0, 0xF4E0, 0xF4E0, 0xF4E0, 0xF4E0,
    0xF4E0, 0xF4E0, 0xF4E0, 0xF4E0, 0xF4E0, 0xF4E0, 0xF4E0, 0xF4E0, 0xF4E0, 0xF4E0,
    0xECC0, 0xECC0, 0xECC0, 0xECC0, 0xECC0, 0xECC0, 0xECC0, 0xECC0, 0xECC0, 0xECC0,
    0xECC0, 0xECC0, 0xECC0, 0xECC0, 0xECC0, 0xECA0, 0xECA0, 0xECA0, 0xECA0, 0xECA0,
    0xECA0, 0xECA0, 0xECA0, 0xECA0, 0xECA0, 0xE4A0, 0xE4A0, 0xE4A0, 0xE4A0, 0xE4A0,
    0xE480, 0xE480, 0xE480, 0xE480, 0xE480, 0xE480, 0xE480, 0xE480, 0xE480, 0xE480,
    0xE480, 0xE480, 0xE480, 0xE480, 0xE480, 0xDC60, 0xDC60, 0xDC60, 0xDC60, 0xDC60,
    0xDC60, 0xDC60, 0xDC60, 0xDC60, 0xDC60, 0xDC60, 0xDC60, 0xDC60, 0xDC60, 0xDC60,
    0xDC60, 0xDC60, 0xDC60, 0xDC60, 0xDC60, 0xD440, 0xD440, 0xD440, 0xD440, 0xD440,
    0xD440, 0xD440, 0xD440, 0xD440, 0xD440, 0xD440, 0xD440, 0xD440, 0xD440, 0xD440,
    0xD420, 0xD420, 0xD420, 0xD420, 0xD420, 0xCC20, 0xCC20, 0xCC20, 0xCC20, 0xCC20,
    0xCC20, 0xCC20, 0xCC20, 0xCC20, 0xCC20, 0xCC00, 0xCC00, 0xCC00, 0xCC00, 0xCC00,
    0xCC00, 0xCC00, 0xCC00, 0xCC00, 0xCC00, 0xC400, 0xC400, 0xC400, 0xC400, 0xC400,
    0xC3E0, 0xC3E0, 0xC3E0, 0xC3E0, 0xC3E0, 0xC3E0, 0xC3E0, 0xC3E0, 0xC3E0, 0xC3E0,
    0xC3E0, 0xC3E0, 0xC3E0, 0xC3E0, 0xC3E0, 0xBBE0, 0xBBE0, 0xBBE0, 0xBBE0, 0xBBE0,
    0xBBC0, 0xBBC0, 0xBBC0, 0xBBC0, 0xBBC0, 0xBBC0, 0xBBC0, 0xBBC0, 0xBBC0, 0xBBC0,
    0xBBC0, 0xBBC0, 0xBBC0, 0xBBC0, 0xBBC0, 0xBBA0, 0xBBA0, 0xBBA0, 0xBBA0, 0xBBA0,
    0xB3A0, 0xB3A0, 0xB3A0, 0xB3A0, 0xB3A0, 0xB3A0, 0xB3A0, 0xB3A0, 0xB3A0, 0xB3A0
};

// Volume block 29
const uint16_t ui_volume_block_29[VOLUME_BLOCK_WIDTH * VOLUME_BLOCK_HEIGHT] = {
    0xF800, 0xF800, 0xF800, 0xF800, 0xF800, 0xF800, 0xF800, 0xF800, 0xF800, 0xF800,
    0xF800, 0xF800, 0xF800, 0xF800, 0xF800, 0xF800, 0xF800, 0xF800, 0xF800, 0xF800,
    0xF000, 0xF000, 0xF000, 0xF000, 0xF000, 0xF000, 0xF000, 0xF000, 0xF000, 0xF000,
    0xF000, 0xF000, 0xF000, 0xF000, 0xF000, 0xF000, 0xF000, 0xF000, 0xF000, 0xF000,
    0xE800, 0xE800, 0xE800, 0xE800, 0xE800, 0xE800, 0xE800, 0xE800, 0xE800, 0xE800,
    0xE800, 0xE800, 0xE800, 0xE800, 0xE800, 0xE800, 0xE800, 0xE800, 0xE800, 0xE800,
    0xE800, 0xE800, 0xE800, 0xE800, 0xE800, 0xE000, 0xE000, 0xE000, 0xE000, 0xE000,
    0xE000, 0xE000, 0xE000, 0xE000, 0xE000, 0xE000, 0xE000, 0xE000, 0xE000, 0xE000,
    0xE000, 0xE000, 0xE000, 0xE000, 0xE000, 0xD800, 0xD800, 0xD800, 0xD800, 0xD800,
    0xD800, 0xD800, 0xD800, 0xD800, 0xD800, 0xD800, 0xD800, 0xD800, 0xD800, 0xD800,
    0xD800, 0xD800, 0xD800, 0xD800, 0xD800, 0xD000, 0xD000, 0xD000, 0xD000, 0xD000,
    0xD000, 0xD000, 0xD000, 0xD000, 0xD000, 0xD000, 0xD000, 0xD000, 0xD000, 0xD000,
    0xD000, 0xD000, 0xD000, 0xD000, 0xD000, 0xC800, 0xC800, 0xC800, 0xC800, 0xC800,
    0xC800, 0xC800, 0xC800, 0xC800, 0xC800, 0xC800, 0xC800, 0xC800, 0xC800, 0xC800,
    0xC800, 0xC800, 0xC800, 0xC800, 0xC800, 0xC000, 0xC000, 0xC000, 0xC000, 0xC000,
    0xC000, 0xC000, 0xC000, 0xC000, 0xC000, 0xC000, 0xC000, 0xC000, 0xC000, 0xC000,
    0xC000, 0xC000, 0xC000, 0xC000, 0xC000, 0xB800, 0xB800, 0xB800, 0xB800, 0xB800,
    0xB800, 0xB800, 0xB800, 0xB800, 0xB800, 0xB800, 0xB800, 0xB800, 0xB800, 0xB800,
    0xB800, 0xB800, 0xB800, 0xB800, 0xB800, 0xB800, 0xB800, 0xB800, 0xB800, 0xB800,
    0xB000, 0xB000, 0xB000, 0xB000, 0xB000, 0xB000, 0xB000, 0xB000, 0xB000, 0xB000
};

// Volume block 30
const uint16_t ui_volume_block_30[VOLUME_BLOCK_WIDTH * VOLUME_BLOCK_HEIGHT] = {
    0xF800, 0xF800, 0xF800, 0xF800, 0xF800, 0xF800, 0xF800, 0xF800, 0xF800, 0xF800,
    0xF800, 0xF800, 0xF800, 0xF800, 0xF800, 0xF800, 0xF800, 0xF800, 0xF800, 0xF800,
    0xF000, 0xF000, 0xF000, 0xF000, 0xF000, 0xF000, 0xF000, 0xF000, 0xF000, 0xF000,
    0xF000, 0xF000, 0xF000, 0xF000, 0xF000, 0xF000, 0xF000, 0xF000, 0xF000, 0xF000,
    0xE800, 0xE800, 0xE800, 0xE800, 0xE800, 0xE800, 0xE800, 0xE800, 0xE800, 0xE800,
    0xE800, 0xE800, 0xE800, 0xE800, 0xE800, 0xE800, 0xE800, 0xE800, 0xE800, 0xE800,
    0xE800, 0xE800, 0xE800, 0xE800, 0xE800, 0xE000, 0xE000, 0xE000, 0xE000, 0xE000,
    0xE000, 0xE000, 0xE000, 0xE000, 0xE000, 0xE000, 0xE000, 0xE000, 0xE000, 0xE000,
    0xE000, 0xE000, 0xE000, 0xE000, 0xE000, 0xD800, 0xD800, 0xD800, 0xD800, 0xD800,
    0xD800, 0xD800, 0xD800, 0xD800, 0xD800, 0xD800, 0xD800, 0xD800, 0xD800, 0xD800,
    0xD800, 0xD800, 0xD800, 0xD800, 0xD800, 0xD000, 0xD000, 0xD000, 0xD000, 0xD000,
    0xD000, 0xD000, 0xD000, 0xD000, 0xD000, 0xD000, 0xD000, 0xD000, 0xD000, 0xD000,
    0xD000, 0xD000, 0xD000, 0xD000, 0xD000, 0xC800, 0xC800, 0xC800, 0xC800, 0xC800,
    0xC800, 0xC800, 0xC800, 0xC800, 0xC800, 0xC800, 0xC800, 0xC800, 0xC800, 0xC800,
    0xC800, 0xC800, 0xC800, 0xC800, 0xC800, 0xC000, 0xC000, 0xC000, 0xC000, 0xC000,
    0xC000, 0xC000, 0xC000, 0xC000, 0xC000, 0xC000, 0xC000, 0xC000, 0xC000, 0xC000,
    0xC000, 0xC000, 0xC000, 0xC000, 0xC000, 0xB800, 0xB800, 0xB800, 0xB800, 0xB800,
    0xB800, 0xB800, 0xB800, 0xB800, 0xB800, 0xB800, 0xB800, 0xB800, 0xB800, 0xB800,
    0xB800, 0xB800, 0xB800, 0xB800, 0xB800, 0xB800, 0xB800, 0xB800, 0xB800, 0xB800,
    0xB000, 0xB000, 0xB000, 0xB000, 0xB000, 0xB000, 0xB000, 0xB000, 0xB000, 0xB000
};

// Volume block 31
const uint16_t ui_volume_block_31[VOLUME_BLOCK_WIDTH * VOLUME_BLOCK_HEIGHT] = {
    0xF800, 0xF800, 0xF800, 0xF800, 0xF800, 0xF800, 0xF800, 0xF800, 0xF800, 0xF800,
    0xF800, 0xF800, 0xF800, 0xF800, 0xF800, 0xF800, 0xF800, 0xF800, 0xF800, 0xF800,
    0xF000, 0xF000, 0xF000, 0xF000, 0xF000, 0xF000, 0xF000, 0xF000, 0xF000, 0xF000,
    0xF000, 0xF000, 0xF000, 0xF000, 0xF000, 0xF000, 0xF000, 0xF000, 0xF000, 0xF000,
    0xE800, 0xE800, 0xE800, 0xE800, 0xE800, 0xE800, 0xE800, 0xE800, 0xE800, 0xE800,
    0xE800, 0xE800, 0xE800, 0xE800, 0xE800, 0xE800, 0xE800, 0xE800, 0xE800, 0xE800,
    0xE800, 0xE800, 0xE800, 0xE800, 0xE800, 0xE000, 0xE000, 0xE000, 0xE000, 0xE000,
    0xE000, 0xE000, 0xE000, 0xE000, 0xE000, 0xE000, 0xE000, 0xE000, 0xE000, 0xE000,
    0xE000, 0xE000, 0xE000, 0xE000, 0xE000, 0xD800, 0xD800, 0xD800, 0xD800, 0xD800,
    0xD800, 0xD800, 0xD800, 0xD800, 0xD800, 0xD800, 0xD800, 0xD800, 0xD800, 0xD800,
    0xD800, 0xD800, 0xD800, 0xD800, 0xD800, 0xD000, 0xD000, 0xD000, 0xD000, 0xD000,
    0xD000, 0xD000, 0xD000, 0xD000, 0xD000, 0xD000, 0xD000, 0xD000, 0xD000, 0xD000,
    0xD000, 0xD000, 0xD000, 0xD000, 0xD000, 0xC800, 0xC800, 0xC800, 0xC800, 0xC800,
    0xC800, 0xC800, 0xC800, 0xC800, 0xC800, 0xC800, 0xC800, 0xC800, 0xC800, 0xC800,
    0xC800, 0xC800, 0xC800, 0xC800, 0xC800, 0xC000, 0xC000, 0xC000, 0xC000, 0xC000,
    0xC000, 0xC000, 0xC000, 0xC000, 0xC000, 0xC000, 0xC000, 0xC000, 0xC000, 0xC000,
    0xC000, 0xC000, 0xC000, 0xC000, 0xC000, 0xB800, 0xB800, 0xB800, 0xB800, 0xB800,
    0xB800, 0xB800, 0xB800, 0xB800, 0xB800, 0xB800, 0xB800, 0xB800, 0xB800, 0xB800,
    0xB800, 0xB800, 0xB800, 0xB800, 0xB800, 0xB800, 0xB800, 0xB800, 0xB800, 0xB800,
    0xB000, 0xB000, 0xB000, 0xB000, 0xB000, 0xB000, 0xB000, 0xB000, 0xB000, 0xB000
};

// Volume block 32
const uint16_t ui_volume_block_32[VOLUME_BLOCK_WIDTH * VOLUME_BLOCK_HEIGHT] = {
    0xF800, 0xF800, 0xF800, 0xF800, 0xF800, 0xF800, 0xF800, 0xF800, 0xF800, 0xF800,
    0xF800, 0xF800, 0xF800, 0xF800, 0xF800, 0xF800, 0xF800, 0xF800, 0xF800, 0xF800,
    0xF000, 0xF000, 0xF000, 0xF000, 0xF000, 0xF000, 0xF000, 0xF000, 0xF000, 0xF000,
    0xF000, 0xF000, 0xF000, 0xF000, 0xF000, 0xF000, 0xF000, 0xF000, 0xF000, 0xF000,
    0xE800, 0xE800, 0xE800, 0xE800, 0xE800, 0xE800, 0xE800, 0xE800, 0xE800, 0xE800,
    0xE800, 0xE800, 0xE800, 0xE800, 0xE800, 0xE800, 0xE800, 0xE800, 0xE800, 0xE800,
    0xE800, 0xE800, 0xE800, 0xE800, 0xE800, 0xE000, 0xE000, 0xE000, 0xE000, 0xE000,
    0xE000, 0xE000, 0xE000, 0xE000, 0xE000, 0xE000, 0xE000, 0xE000, 0xE000, 0xE000,
    0xE000, 0xE000, 0xE000, 0xE000, 0xE000, 0xD800, 0xD800, 0xD800, 0xD800, 0xD800,
    0xD800, 0xD800, 0xD800, 0xD800, 0xD800, 0xD800, 0xD800, 0xD800, 0xD800, 0xD800,
    0xD800, 0xD800, 0xD800, 0xD800, 0xD800, 0xD000, 0xD000, 0xD000, 0xD000, 0xD000,
    0xD000, 0xD000, 0xD000, 0xD000, 0xD000, 0xD000, 0xD000, 0xD000, 0xD000, 0xD000,
    0xD000, 0xD000, 0xD000, 0xD000, 0xD000, 0xC800, 0xC800, 0xC800, 0xC800, 0xC800,
    0xC800, 0xC800, 0xC800, 0xC800, 0xC800, 0xC800, 0xC800, 0xC800, 0xC800, 0xC800,
    0xC800, 0xC800, 0xC800, 0xC800, 0xC800, 0xC000, 0xC000, 0xC000, 0xC000, 0xC000,
    0xC000, 0xC000, 0xC000, 0xC000, 0xC000, 0xC000, 0xC000, 0xC000, 0xC000, 0xC000,
    0xC000, 0xC000, 0xC000, 0xC000, 0xC000, 0xB800, 0xB800, 0xB800, 0xB800, 0xB800,
    0xB800, 0xB800, 0xB800, 0xB800, 0xB800, 0xB800, 0xB800, 0xB800, 0xB800, 0xB800,
    0xB800, 0xB800, 0xB800, 0xB800, 0xB800, 0xB800, 0xB800, 0xB800, 0xB800, 0xB800,
    0xB000, 0xB000, 0xB000, 0xB000, 0xB000, 0xB000, 0xB000, 0xB000, 0xB000, 0xB000
};

// Array of pointers to volume blocks for easy indexed access
const uint16_t* ui_volume_blocks[VOLUME_BLOCKS_COUNT] = {
    ui_volume_block_01, ui_volume_block_02, ui_volume_block_03, ui_volume_block_04,
    ui_volume_block_05, ui_volume_block_06, ui_volume_block_07, ui_volume_block_08,
    ui_volume_block_09, ui_volume_block_10, ui_volume_block_11, ui_volume_block_12,
    ui_volume_block_13, ui_volume_block_14, ui_volume_block_15, ui_volume_block_16,
    ui_volume_block_17, ui_volume_block_18, ui_volume_block_19, ui_volume_block_20,
    ui_volume_block_21, ui_volume_block_22, ui_volume_block_23, ui_volume_block_24,
    ui_volume_block_25, ui_volume_block_26, ui_volume_block_27, ui_volume_block_28,
    ui_volume_block_29, ui_volume_block_30, ui_volume_block_31, ui_volume_block_32
};
